Date,Open,High,Low,Close,Adj Close,Volume,ts_polarity,twitter_volume
2016-01-04,25.65,26.34,25.50,26.34,24.44,270597600,0.070389,1133
2016-01-05,26.44,26.46,25.60,25.68,23.83,223164000,0.133635,1430
2016-01-06,25.14,25.59,24.97,25.17,23.36,273829600,0.072042,1949
2016-01-07,24.67,25.03,24.11,24.11,22.38,324377600,0.074369,2289
2016-01-08,24.64,24.78,24.19,24.24,22.50,283192000,0.051595,2235
2016-01-11,24.74,24.76,24.33,24.63,22.86,198957600,0.019443,1222
2016-01-12,25.14,25.17,24.71,24.99,23.19,196616800,0.121364,1293
2016-01-13,25.08,25.30,24.33,24.35,22.60,249758400,0.107714,1292
2016-01-14,24.49,25.12,23.93,24.88,23.09,252680400,0.039248,1264
2016-01-15,24.05,24.43,23.84,24.28,22.54,319335600,0.093784,1336
2016-01-19,24.60,24.66,23.88,24.17,22.43,212350800,0.120585,960
2016-01-20,23.78,24.55,23.36,24.20,22.46,289337600,0.024679,1412
2016-01-21,24.26,24.47,23.74,24.08,22.34,208646000,0.124546,1082
2016-01-22,24.66,25.37,24.59,25.36,23.53,263202000,0.096273,1200
2016-01-25,25.38,25.38,24.80,24.86,23.07,207178000,0.059140,874
2016-01-26,24.98,25.22,24.52,25.00,23.20,300308000,0.060451,1743
2016-01-27,24.01,24.16,23.33,23.36,21.68,533478800,0.058256,5511
2016-01-28,23.45,23.63,23.10,23.52,21.83,222715200,0.051211,2143
2016-01-29,23.70,24.33,23.59,24.33,22.58,257666000,0.082394,1542
2016-02-01,24.12,24.18,23.85,24.11,22.37,163774000,0.037314,660
2016-02-02,23.86,24.01,23.57,23.62,21.92,149428800,0.095290,1410
2016-02-03,23.75,24.21,23.52,24.09,22.35,183857200,0.092704,999
2016-02-04,23.97,24.33,23.80,24.15,22.53,185886800,0.123246,1114
2016-02-05,24.13,24.23,23.42,23.50,21.93,185672400,0.110406,823
2016-02-08,23.28,23.92,23.26,23.75,22.16,216085600,0.061634,795
2016-02-09,23.57,23.99,23.48,23.75,22.16,177324800,0.099071,1188
2016-02-10,23.98,24.09,23.53,23.57,21.99,169374400,0.073528,1045
2016-02-11,23.45,23.68,23.15,23.42,21.86,200298800,0.071487,1194
2016-02-12,23.55,23.63,23.25,23.50,21.93,161405600,0.053297,1014
2016-02-16,23.75,24.21,23.65,24.16,22.54,196231600,0.041126,1272
2016-02-17,24.17,24.55,24.04,24.53,22.89,179452800,0.039958,2215
2016-02-18,24.71,24.72,24.02,24.07,22.46,156084000,0.037987,2418
2016-02-19,24.00,24.19,23.95,24.01,22.40,141496800,0.057315,2226
2016-02-22,24.08,24.23,23.98,24.22,22.60,137123200,0.065872,1536
2016-02-23,24.10,24.13,23.64,23.67,22.09,127770400,0.059714,2078
2016-02-24,23.50,24.09,23.33,24.03,22.42,145022800,0.017401,1843
2016-02-25,24.01,24.19,23.81,24.19,22.57,110330800,-0.030528,1839
2016-02-26,24.30,24.50,24.15,24.23,22.61,115964400,0.019646,2319
2016-02-29,24.22,24.56,24.16,24.17,22.56,140865200,0.274161,152
2016-03-01,24.41,25.19,24.36,25.13,23.45,201628400,0.042563,1427
2016-03-02,25.13,25.22,24.91,25.19,23.50,132678400,0.053849,1876
2016-03-03,25.15,25.43,25.11,25.38,23.68,147822800,0.039978,1536
2016-03-04,25.59,25.94,25.34,25.75,24.03,184220400,0.036094,1893
2016-03-07,25.60,25.71,25.24,25.47,23.76,143315600,-0.042325,1116
2016-03-08,25.20,25.44,25.10,25.26,23.57,126247600,-0.025117,1703
2016-03-09,25.33,25.40,25.07,25.28,23.59,108806800,0.013740,1113
2016-03-10,25.35,25.56,25.04,25.29,23.60,134054400,0.022060,1289
2016-03-11,25.56,25.57,25.38,25.57,23.85,109632800,-0.036876,1817
2016-03-14,25.48,25.73,25.45,25.63,23.92,100304400,0.063526,868
2016-03-15,25.99,26.30,25.96,26.15,24.40,160270800,0.077844,1446
2016-03-16,26.15,26.58,26.15,26.49,24.72,153214000,-0.059234,1561
2016-03-17,26.38,26.62,26.24,26.45,24.68,137682800,0.015097,1911
2016-03-18,26.58,26.63,26.30,26.48,24.71,176820800,0.045585,1406
2016-03-21,26.48,26.91,26.29,26.48,24.71,142010800,0.003023,3052
2016-03-22,26.31,26.82,26.30,26.68,24.90,129777600,0.059976,3841
2016-03-23,26.62,26.77,26.48,26.53,24.76,102814000,0.044770,1866
2016-03-24,26.37,26.56,26.22,26.42,24.65,104532000,0.075023,1883
2016-03-28,26.50,26.55,26.26,26.30,24.54,77645600,0.023754,1086
2016-03-29,26.22,26.95,26.22,26.92,25.12,124760400,0.063639,2138
2016-03-30,27.16,27.61,27.15,27.39,25.56,182404400,0.111083,2037
2016-03-31,27.43,27.48,27.22,27.25,25.42,103553600,0.041151,536
2016-04-01,27.20,27.50,27.05,27.50,25.66,103496000,0.048220,1066
2016-04-04,27.61,28.05,27.57,27.78,25.92,149424800,0.128883,1124
2016-04-05,27.38,27.68,27.36,27.45,25.62,106314800,0.056832,1541
2016-04-06,27.56,27.75,27.30,27.74,25.88,105616400,0.056515,1287
2016-04-07,27.49,27.61,27.03,27.14,25.32,127207600,0.063461,1354
2016-04-08,27.23,27.44,27.04,27.17,25.35,94326800,0.047035,1359
2016-04-11,27.24,27.65,27.21,27.25,25.43,117630000,0.081283,841
2016-04-12,27.33,27.63,27.17,27.61,25.76,108929200,0.100048,1226
2016-04-13,27.70,28.08,27.70,28.01,26.14,133029200,0.132925,1283
2016-04-14,27.91,28.10,27.83,28.03,26.15,101895600,0.071643,1315
2016-04-15,28.03,28.08,27.43,27.46,25.63,187756000,0.068979,1791
2016-04-18,27.22,27.24,26.74,26.87,25.07,243286000,0.054706,1127
2016-04-19,26.97,27.00,26.56,26.73,24.94,129539600,0.083394,2051
2016-04-20,26.66,27.02,26.51,26.78,24.99,122444000,0.084602,1392
2016-04-21,26.73,26.73,26.38,26.49,24.72,126210000,0.096164,1314
2016-04-22,26.25,26.62,26.16,26.42,24.65,134732400,0.104014,1663
2016-04-25,26.25,26.41,26.13,26.27,24.51,112126400,0.103919,1145
2016-04-26,25.98,26.33,25.98,26.09,24.34,224064800,0.044244,2086
2016-04-27,24.00,24.68,23.92,24.46,22.82,458408400,0.017513,7083
2016-04-28,24.40,24.47,23.56,23.71,22.12,328970800,0.012647,2798
2016-04-29,23.50,23.68,23.13,23.43,21.87,274126000,0.048898,3014
2016-05-02,23.49,23.52,23.10,23.41,21.84,192640400,-0.010478,1183
2016-05-03,23.55,23.93,23.42,23.80,22.20,227325200,0.040369,2439
2016-05-04,23.80,23.98,23.46,23.55,21.97,164102000,0.070346,2011
2016-05-05,23.50,23.52,23.17,23.31,21.88,143562000,0.046770,1654
2016-05-06,23.34,23.36,22.96,23.18,21.76,174799600,0.022495,2110
2016-05-09,23.25,23.44,23.15,23.20,21.78,131745600,0.105174,920
2016-05-10,23.33,23.39,23.03,23.36,21.93,134747200,0.053812,1377
2016-05-11,23.37,23.39,23.12,23.13,21.71,114876400,0.060705,1350
2016-05-12,23.18,23.20,22.37,22.58,21.20,305258800,0.064879,2486
2016-05-13,22.50,22.92,22.50,22.63,21.24,177571200,0.064057,2550
2016-05-16,23.10,23.60,22.91,23.47,22.03,245039200,0.077478,2587
2016-05-17,23.64,23.67,23.25,23.37,21.94,187667600,0.030325,2553
2016-05-18,23.54,23.80,23.47,23.64,22.19,168249600,0.078611,1847
2016-05-19,23.66,23.66,23.39,23.55,22.11,121768400,0.090514,1528
2016-05-20,23.66,23.86,23.63,23.81,22.35,128104000,0.048873,1587
2016-05-23,23.97,24.30,23.92,24.11,22.63,152074400,0.072557,1226
2016-05-24,24.31,24.52,24.21,24.48,22.98,140560800,0.074925,1699
2016-05-25,24.67,24.93,24.53,24.91,23.38,152675200,0.073531,1957
2016-05-26,24.92,25.18,24.66,25.10,23.57,225324800,0.052449,1805
2016-05-27,24.86,25.12,24.81,25.09,23.55,145364800,0.070731,1414
2016-05-31,24.90,25.10,24.71,24.97,23.44,169228800,0.083445,285
2016-06-01,24.75,24.89,24.58,24.62,23.11,116693200,-0.001314,822
2016-06-02,24.40,24.46,24.16,24.43,22.93,160766400,0.044611,1692
2016-06-03,24.45,24.57,24.36,24.48,22.98,114019600,0.048158,1338
2016-06-06,24.50,25.47,24.39,24.66,23.15,93170000,0.122611,749
2016-06-07,24.81,24.97,24.74,24.76,23.24,89638000,0.091848,1021
2016-06-08,24.75,24.89,24.67,24.74,23.22,83392400,0.077984,1026
2016-06-09,24.63,25.00,24.62,24.91,23.39,106405600,0.082038,1465
2016-06-10,24.63,24.84,24.62,24.71,23.20,126851600,0.113625,1454
2016-06-13,24.67,24.78,24.28,24.33,22.85,152082000,0.025166,1200
2016-06-14,24.33,24.62,24.19,24.37,22.87,127727600,0.039990,3961
2016-06-15,24.46,24.60,24.26,24.29,22.80,117780800,0.095590,1666
2016-06-16,24.11,24.44,24.02,24.39,22.89,125307200,0.102223,1179
2016-06-17,24.16,24.16,23.83,23.83,22.37,244032800,0.045838,1271
2016-06-20,24.00,24.14,23.76,23.78,22.32,137647600,0.197477,1119
2016-06-21,23.74,24.09,23.67,23.98,22.51,142185600,0.098632,1544
2016-06-22,24.06,24.22,23.84,23.89,22.43,116876400,-0.004961,1346
2016-06-23,23.99,24.07,23.81,24.03,22.55,128960800,0.055681,1020
2016-06-24,23.23,23.67,23.16,23.35,21.92,301245600,0.069025,1090
2016-06-27,23.25,23.26,22.88,23.01,21.60,181958400,0.052904,815
2016-06-28,23.23,23.42,23.04,23.40,21.97,161779600,0.030595,859
2016-06-29,23.49,23.64,23.41,23.60,22.16,146124000,0.027515,1029
2016-06-30,23.61,23.94,23.58,23.90,22.44,143345600,0.002947,209
2016-07-01,23.87,24.12,23.83,23.97,22.51,104106000,0.068112,1002
2016-07-05,23.85,23.85,23.62,23.75,22.29,110820800,0.075542,809
2016-07-06,23.65,23.92,23.59,23.88,22.42,123796400,0.004157,1015
2016-07-07,23.92,24.13,23.91,23.99,22.52,100558400,0.007375,897
2016-07-08,24.12,24.22,24.01,24.17,22.69,115648400,0.040565,976
2016-07-11,24.19,24.41,24.18,24.25,22.76,95179600,0.071587,656
2016-07-12,24.29,24.42,24.28,24.36,22.86,96670000,0.052120,924
2016-07-13,24.35,24.42,24.21,24.22,22.74,103568800,0.052050,774
2016-07-14,24.35,24.75,24.33,24.70,23.19,155676000,0.074959,1276
2016-07-15,24.73,24.83,24.63,24.70,23.18,120548000,0.039557,944
2016-07-18,24.67,25.03,24.65,24.96,23.43,145975600,0.129732,1010
2016-07-19,24.89,25.00,24.83,24.97,23.44,95119600,0.009483,1170
2016-07-20,25.00,25.12,24.93,24.99,23.46,105104000,0.043532,1116
2016-07-21,24.96,25.25,24.78,24.86,23.34,130808000,0.051543,1345
2016-07-22,24.82,24.83,24.58,24.67,23.16,113254800,0.093393,1202
2016-07-25,24.56,24.71,24.23,24.33,22.85,161531600,0.090127,1213
2016-07-26,24.21,24.49,24.11,24.17,22.69,224959200,0.086242,1865
2016-07-27,26.07,26.09,25.69,25.74,24.16,369379200,0.069447,5173
2016-07-28,25.71,26.11,25.71,26.08,24.49,159479200,0.103390,2342
2016-07-29,26.05,26.14,25.92,26.05,24.46,110934800,0.065633,1570
2016-08-01,26.10,26.54,26.10,26.51,24.89,152671600,0.092079,812
2016-08-02,26.51,26.52,26.00,26.12,24.52,135266400,0.098601,1707
2016-08-03,26.20,26.46,26.19,26.45,24.83,120810400,0.115000,885
2016-08-04,26.40,26.50,26.32,26.47,24.98,109634800,0.064501,1513
2016-08-05,26.57,26.91,26.55,26.87,25.36,162213600,0.081748,1476
2016-08-08,26.88,27.09,26.79,27.09,25.57,112148800,0.045386,1178
2016-08-09,27.06,27.24,27.00,27.20,25.68,105260800,0.074309,1563
2016-08-10,27.18,27.23,26.94,27.00,25.48,96034000,0.039455,1618
2016-08-11,27.13,27.23,26.96,26.98,25.47,109938000,0.064803,1677
2016-08-12,26.95,27.11,26.95,27.05,25.53,74641600,0.125495,992
2016-08-15,27.04,27.39,27.02,27.37,25.83,103472800,0.077026,1482
2016-08-16,27.41,27.56,27.30,27.34,25.81,135177600,0.065696,2193
2016-08-17,27.28,27.34,27.08,27.31,25.77,101424000,0.075813,1715
2016-08-18,27.31,27.40,27.25,27.27,25.74,87938800,-0.008067,1238
2016-08-19,27.19,27.42,27.09,27.34,25.81,101472400,0.061417,1345
2016-08-22,27.22,27.28,26.96,27.13,25.60,103280800,0.062133,1122
2016-08-23,27.15,27.33,27.13,27.21,25.69,85030800,0.020396,1331
2016-08-24,27.14,27.19,26.92,27.01,25.49,94700400,0.027724,1158
2016-08-25,26.85,26.97,26.67,26.89,25.38,100344800,0.045336,1733
2016-08-26,26.85,26.99,26.58,26.74,25.23,111065200,0.020984,1921
2016-08-29,26.66,26.86,26.57,26.71,25.21,99881200,-0.016926,1548
2016-08-30,26.45,26.63,26.38,26.50,25.01,99455600,-0.047490,4271
2016-08-31,26.42,26.64,26.41,26.53,25.04,118649600,-0.061656,1088
2016-09-01,26.54,26.70,26.41,26.68,25.18,106806000,0.031359,1774
2016-09-02,26.92,27.00,26.71,26.93,25.42,107210000,0.055846,2159
2016-09-06,26.98,27.08,26.88,26.92,25.41,107521600,0.087911,1117
2016-09-07,26.96,27.19,26.77,27.09,25.57,169457200,0.040069,4486
2016-09-08,26.81,26.82,26.31,26.38,24.90,212008000,0.028742,7025
2016-09-09,26.16,26.43,25.78,25.78,24.34,186228000,0.053576,5594
2016-09-12,25.66,26.43,25.63,26.36,24.88,181171200,0.081881,1652
2016-09-13,26.88,27.20,26.81,26.99,25.47,248704800,0.051861,2522
2016-09-14,27.18,28.26,27.15,27.94,26.37,443554800,0.074549,3897
2016-09-15,28.47,28.93,28.37,28.89,27.27,359934400,0.111114,3610
2016-09-16,28.78,29.03,28.51,28.73,27.12,319547600,0.084229,3476
2016-09-19,28.80,29.05,28.31,28.40,26.80,188092000,0.036759,1732
2016-09-20,28.26,28.53,28.13,28.39,26.80,138057200,0.126819,1809
2016-09-21,28.46,28.50,28.11,28.39,26.79,144012800,0.008016,2227
2016-09-22,28.59,28.74,28.50,28.66,27.05,124296000,0.076237,1756
2016-09-23,28.61,28.70,27.89,28.18,26.60,209924800,0.040437,1706
2016-09-26,27.91,28.35,27.89,28.22,26.64,119477600,0.064556,1211
2016-09-27,28.25,28.30,28.08,28.27,26.69,98429600,0.037265,1270
2016-09-28,28.42,28.66,28.36,28.49,26.89,118564400,0.075787,1423
2016-09-29,28.29,28.45,27.95,28.05,26.47,143548000,0.092901,1861
2016-09-30,28.12,28.34,27.95,28.26,26.68,145516400,0.022217,395
2016-10-03,28.18,28.26,28.07,28.13,26.55,86807200,0.064991,964
2016-10-04,28.26,28.58,28.16,28.25,26.66,118947200,0.037703,1197
2016-10-05,28.35,28.42,28.17,28.26,26.68,85812400,0.058547,1102
2016-10-06,28.42,28.58,28.28,28.47,26.87,115117200,0.057712,1289
2016-10-07,28.58,28.64,28.38,28.51,26.91,97433600,0.108078,951
2016-10-10,28.75,29.19,28.68,29.01,27.38,144944000,0.122678,875
2016-10-11,29.42,29.67,29.05,29.08,27.44,256164000,0.080219,1736
2016-10-12,29.34,29.50,29.19,29.33,27.69,150347200,0.111057,1506
2016-10-13,29.20,29.36,28.93,29.25,27.60,140769600,0.068728,1104
2016-10-14,29.47,29.54,29.28,29.41,27.76,142608800,0.098760,1005
2016-10-17,29.33,29.46,29.20,29.39,27.74,94499600,0.079370,972
2016-10-18,29.55,29.55,29.36,29.37,27.72,98214000,0.110381,1388
2016-10-19,29.31,29.44,28.45,29.28,27.64,80138400,-0.012141,1192
2016-10-20,29.22,29.34,29.08,29.26,27.62,96503200,0.077335,1149
2016-10-21,29.20,29.23,29.07,29.15,27.51,92770800,0.090242,974
2016-10-24,29.28,29.43,29.25,29.41,27.76,94154800,0.030618,1165
2016-10-25,29.49,29.59,29.33,29.56,27.90,192516000,0.086242,1986
2016-10-26,28.58,28.92,28.33,28.90,27.28,264536800,0.084428,5213
2016-10-27,28.85,28.97,28.53,28.62,27.01,138248000,0.047473,2406
2016-10-28,28.47,28.80,28.36,28.43,26.83,151446800,-0.012130,2886
2016-10-31,28.41,28.56,28.30,28.39,26.79,105677600,-0.057831,175
2016-11-01,28.37,28.44,27.63,27.87,26.31,175303200,0.077409,1014
2016-11-02,27.85,28.09,27.81,27.90,26.33,113326800,0.042476,1375
2016-11-03,27.75,27.87,27.39,27.46,26.05,107730400,0.023721,1128
2016-11-04,27.13,27.56,27.03,27.21,25.81,123348000,0.097891,1026
2016-11-07,27.52,27.63,27.37,27.60,26.19,130240000,0.078055,948
2016-11-08,27.58,27.93,27.42,27.76,26.34,97016800,-0.035361,1032
2016-11-09,27.47,27.83,27.01,27.72,26.30,236705600,-0.002498,1135
2016-11-10,27.77,27.77,26.46,26.95,25.57,228538000,0.078222,1140
2016-11-11,26.78,27.22,26.64,27.11,25.72,136575600,0.089016,978
2016-11-14,26.93,26.95,26.02,26.43,25.07,204702000,0.045465,925
2016-11-15,26.64,26.92,26.54,26.78,25.40,129058000,0.020855,1332
2016-11-16,26.67,27.56,26.65,27.50,26.09,235362000,-0.007081,1366
2016-11-17,27.45,27.59,27.21,27.49,26.08,110528000,0.044668,1139
2016-11-18,27.43,27.64,27.42,27.51,26.10,113715600,0.060904,1111
2016-11-21,27.53,28.00,27.50,27.93,26.50,117058400,0.012415,1169
2016-11-22,27.99,28.11,27.85,27.95,26.52,103862000,0.054840,1207
2016-11-23,27.84,27.88,27.58,27.81,26.38,109705600,0.134934,1011
2016-11-25,27.78,27.97,27.74,27.95,26.51,45903600,0.168167,816
2016-11-28,27.86,28.12,27.85,27.89,26.46,108776000,0.130120,859
2016-11-29,27.70,28.01,27.52,27.87,26.44,114115200,0.124699,1156
2016-11-30,27.90,28.05,27.57,27.63,26.21,144649200,0.147272,330
2016-12-01,27.59,27.74,27.26,27.37,25.97,148347600,0.101239,768
2016-12-02,27.29,27.52,27.21,27.48,26.07,106112000,0.050024,996
2016-12-05,27.50,27.51,27.06,27.28,25.88,137298000,0.057157,744
2016-12-06,27.38,27.59,27.30,27.49,26.08,104782000,0.140356,1125
2016-12-07,27.32,27.80,27.29,27.76,26.33,119994800,0.110907,1631
2016-12-08,27.72,28.11,27.65,28.03,26.59,108273200,0.082994,1655
2016-12-09,28.08,28.67,28.08,28.49,27.03,137610400,0.063187,1344
2016-12-12,28.32,28.75,28.12,28.33,26.87,105497600,0.148274,724
2016-12-13,28.46,28.98,28.44,28.80,27.32,174935200,0.032446,1641
2016-12-14,28.76,29.05,28.75,28.80,27.32,136127200,0.069473,1523
2016-12-15,28.84,29.18,28.81,28.96,27.47,186098000,0.070225,1156
2016-12-16,29.12,29.13,28.91,28.99,27.51,177404400,0.132216,1120
2016-12-19,28.95,29.34,28.94,29.16,27.66,111117600,0.122359,779
2016-12-20,29.18,29.38,29.17,29.24,27.74,85700000,0.115038,1014
2016-12-21,29.20,29.35,29.20,29.26,27.76,95132800,0.041485,1023
2016-12-22,29.09,29.13,28.91,29.07,27.58,104343600,0.088029,1031
2016-12-23,28.90,29.13,28.90,29.13,27.64,56998000,0.066513,794
2016-12-27,29.13,29.45,29.12,29.32,27.81,73187600,0.054105,699
2016-12-28,29.38,29.50,29.05,29.19,27.69,83623600,0.012955,800
2016-12-29,29.11,29.28,29.10,29.18,27.69,60158000,0.138702,835
2016-12-30,29.16,29.30,28.86,28.96,27.47,122345200,0.001856,788
2017-01-03,28.95,29.08,28.69,29.04,27.55,115127600,-0.017952,739
2017-01-04,28.96,29.13,28.94,29.00,27.52,84472400,0.089383,830
2017-01-05,28.98,29.22,28.95,29.15,27.66,88774400,0.021736,1337
2017-01-06,29.20,29.54,29.12,29.48,27.97,127007600,0.113139,1265
2017-01-09,29.49,29.86,29.49,29.75,28.22,134247600,0.138939,1120
2017-01-10,29.69,29.84,29.58,29.78,28.25,97848400,0.072354,1411
2017-01-11,29.68,29.98,29.65,29.94,28.40,110354400,-0.004991,1189
2017-01-12,29.73,29.83,29.55,29.81,28.28,108344800,0.107570,1284
2017-01-13,29.78,29.91,29.70,29.76,28.23,104447600,0.045503,1175
2017-01-17,29.58,30.06,29.56,30.00,28.46,137759200,0.103723,955
2017-01-18,30.00,30.13,29.93,30.00,28.46,94852000,0.040511,993
2017-01-19,29.85,30.02,29.84,29.95,28.41,102389200,0.054407,1015
2017-01-20,30.11,30.11,29.93,30.00,28.46,130391600,0.143749,730
2017-01-23,30.00,30.20,29.94,30.02,28.48,88200800,0.034534,931
2017-01-24,29.89,30.03,29.88,29.99,28.45,92844000,0.108080,1098
2017-01-25,30.11,30.53,30.07,30.47,28.91,129510400,0.055793,1247
2017-01-26,30.42,30.61,30.40,30.49,28.92,105350400,0.031129,1194
2017-01-27,30.54,30.59,30.40,30.49,28.92,82251600,0.024594,907
2017-01-30,30.23,30.41,30.17,30.41,28.85,121510000,0.073126,962
2017-01-31,30.29,30.35,30.16,30.34,28.78,196804000,0.183279,392
2017-02-01,31.76,32.62,31.75,32.19,30.54,447940000,0.084511,2816
2017-02-02,32.00,32.35,31.95,32.13,30.48,134841600,0.067226,2088
2017-02-03,32.08,32.30,32.04,32.27,30.62,98029200,0.056008,1360
2017-02-06,32.28,32.63,32.22,32.57,30.90,107383600,0.034432,872
2017-02-07,32.63,33.02,32.61,32.88,31.20,152735200,0.062669,1254
2017-02-08,32.84,33.06,32.81,33.01,31.32,92016400,0.078209,1261
2017-02-09,32.91,33.11,32.78,33.11,31.54,113399600,0.083953,1037
2017-02-10,33.12,33.24,33.01,33.03,31.47,80262000,0.019754,1067
2017-02-13,33.27,33.46,33.19,33.32,31.75,92141600,0.008370,1197
2017-02-14,33.37,33.77,33.31,33.76,32.16,132904800,-0.005932,1703
2017-02-15,33.88,34.07,33.65,33.88,32.28,142492400,0.040636,1801
2017-02-16,33.92,33.97,33.71,33.84,32.24,90338400,0.065215,1123
2017-02-17,33.78,33.96,33.78,33.93,32.33,88792800,0.076694,1000
2017-02-21,34.06,34.19,33.99,34.17,32.56,98028800,0.066068,919
2017-02-22,34.11,34.28,34.03,34.28,32.66,83347600,0.085419,1132
2017-02-23,34.35,34.37,34.08,34.13,32.52,83152800,0.068798,1011
2017-02-24,33.98,34.17,33.82,34.17,32.55,87106400,0.031932,1038
2017-02-27,34.29,34.36,34.07,34.23,32.62,81029600,0.070009,1046
2017-02-28,34.27,34.36,34.17,34.25,32.63,93931600,0.060035,380
2017-03-01,34.47,35.04,34.40,34.95,33.30,145658400,0.120264,740
2017-03-02,35.00,35.07,34.69,34.74,33.10,104844000,0.081095,1018
2017-03-03,34.70,34.96,34.65,34.95,33.30,84432400,0.057957,972
2017-03-06,34.84,34.94,34.65,34.83,33.19,87000000,0.059286,724
2017-03-07,34.76,34.99,34.70,34.88,33.23,69785200,0.078694,896
2017-03-08,34.74,34.95,34.71,34.75,33.11,74828800,0.017571,323
2017-03-09,34.69,34.70,34.26,34.67,33.03,88623600,0.207312,483
2017-03-10,34.81,34.84,34.66,34.79,33.14,78451200,0.165477,582
2017-03-13,34.71,34.86,34.71,34.80,33.16,69686800,0.114218,84
2017-03-14,34.83,34.91,34.71,34.75,33.11,61236400,0.100752,379
2017-03-15,34.85,35.19,34.76,35.12,33.46,102767200,0.038530,590
2017-03-16,35.18,35.26,35.06,35.17,33.51,76928000,0.057112,802
2017-03-17,35.25,35.25,34.97,35.00,33.35,175540000,0.047598,728
2017-03-20,35.10,35.38,35.06,35.37,33.70,86168000,0.099788,504
2017-03-21,35.53,35.70,34.93,34.96,33.31,158119600,0.100939,1450
2017-03-22,34.96,35.40,34.94,35.36,33.69,103440800,0.042186,1094
2017-03-23,35.31,35.40,35.15,35.23,33.57,81385200,0.092029,715
2017-03-24,35.38,35.44,35.09,35.16,33.50,89582400,0.034856,698
2017-03-27,34.85,35.31,34.65,35.22,33.56,94300400,0.131442,571
2017-03-28,35.23,36.01,35.15,35.95,34.25,133499200,0.108654,129
2017-03-29,35.92,36.12,35.80,36.03,34.33,116760000,0.039046,643
2017-03-30,36.05,36.13,35.88,35.98,34.29,84829200,0.125301,723
2017-03-31,35.93,36.07,35.75,35.92,34.22,78646800,0.113789,148
2017-04-03,35.93,36.03,35.76,35.92,34.23,79942800,0.118620,630
2017-04-04,35.81,36.22,35.79,36.19,34.49,79565600,0.070830,677
2017-04-05,36.06,36.37,35.95,36.01,34.31,110871600,0.081639,753
2017-04-06,36.07,36.13,35.86,35.92,34.22,84596000,0.008184,588
2017-04-07,35.93,36.04,35.82,35.83,34.14,66688800,0.083435,480
2017-04-10,35.90,35.97,35.72,35.79,34.10,75733600,0.087082,365
2017-04-11,35.74,35.84,35.01,35.41,33.74,121517600,0.064397,709
2017-04-12,35.40,35.54,35.25,35.45,33.78,81400000,0.089706,584
2017-04-13,35.48,35.60,35.26,35.26,33.60,71291600,0.021676,666
2017-04-17,35.37,35.47,35.22,35.46,33.79,66328400,0.127708,396
2017-04-18,35.35,35.51,35.28,35.30,33.63,58790000,0.104480,547
2017-04-19,35.47,35.50,35.11,35.17,33.51,69313600,0.098057,603
2017-04-20,35.31,35.73,35.29,35.61,33.93,93278400,0.084313,622
2017-04-21,35.61,35.67,35.46,35.57,33.89,69283600,0.124407,455
2017-04-24,35.88,35.99,35.79,35.91,34.22,68537200,0.133808,422
2017-04-25,35.98,36.22,35.97,36.13,34.43,75486000,0.137049,599
2017-04-26,36.12,36.15,35.85,35.92,34.23,80164800,0.174989,614
2017-04-27,35.98,36.04,35.83,35.95,34.25,56985200,0.086580,532
2017-04-28,36.02,36.08,35.82,35.91,34.22,83441600,0.083742,702
2017-05-01,36.28,36.80,36.24,36.65,34.92,134411600,0.201838,872
2017-05-02,36.88,37.02,36.71,36.88,35.14,181408800,0.140143,1545
2017-05-03,36.40,36.87,36.07,36.76,35.03,182788000,0.067904,3261
2017-05-04,36.63,36.79,36.45,36.63,34.90,93487600,0.074751,1183
2017-05-05,36.69,37.24,36.69,37.24,35.48,109310800,0.079647,938
2017-05-08,37.26,38.42,37.26,38.25,36.45,195009600,0.068484,1206
2017-05-09,38.47,38.72,38.36,38.50,36.68,156521600,0.073675,1258
2017-05-10,38.41,38.49,38.03,38.31,36.51,103222800,0.092336,908
2017-05-11,38.11,38.52,38.08,38.49,36.82,109020400,0.103707,694
2017-05-12,38.67,39.11,38.67,39.03,37.34,130108000,0.049696,977
2017-05-15,39.00,39.16,38.76,38.92,37.24,104038800,0.101860,628
2017-05-16,38.99,39.01,38.68,38.87,37.19,80194000,0.155002,754
2017-05-17,38.40,38.64,37.43,37.56,35.94,203070800,0.068134,975
2017-05-18,37.82,38.33,37.78,38.13,36.49,134272800,0.108867,809
2017-05-19,38.35,38.49,38.16,38.26,36.61,107843200,0.078467,599
2017-05-22,38.50,38.65,38.23,38.50,36.83,91865600,0.117808,568
2017-05-23,38.72,38.72,38.33,38.45,36.79,79675600,0.082425,790
2017-05-24,38.46,38.54,38.17,38.33,36.68,76712000,0.142679,680
2017-05-25,38.43,38.59,38.26,38.47,36.80,76942400,0.129813,642
2017-05-26,38.50,38.56,38.33,38.40,36.74,87710400,0.123411,603
2017-05-30,38.36,38.61,38.33,38.42,36.76,80507600,0.076451,556
2017-05-31,38.49,38.54,38.10,38.19,36.54,97804800,0.197093,183
2017-06-01,38.29,38.33,38.06,38.29,36.64,65616400,0.038792,404
2017-06-02,38.40,38.86,38.22,38.86,37.18,111082800,-0.008182,617
2017-06-05,38.58,38.61,38.37,38.48,36.82,101326800,0.054624,1189
2017-06-06,38.47,38.95,38.45,38.61,36.94,106499600,0.036093,1524
2017-06-07,38.76,38.99,38.62,38.84,37.16,84278400,0.061719,922
2017-06-08,38.81,38.88,38.60,38.75,37.07,85003200,0.072490,654
2017-06-09,38.80,38.80,36.51,37.24,35.63,259530800,0.035085,799
2017-06-12,36.44,36.52,35.63,36.36,34.78,289229200,0.049488,1230
2017-06-13,36.79,36.86,36.29,36.65,35.06,136661600,0.108688,1217
2017-06-14,36.88,36.88,35.96,36.29,34.72,126124800,0.106188,748
2017-06-15,35.83,36.12,35.55,36.07,34.51,128661600,0.109936,987
2017-06-16,35.95,36.13,35.55,35.57,34.03,201444400,0.034958,680
2017-06-19,35.92,36.69,35.92,36.58,35.00,130165600,0.130980,704
2017-06-20,36.72,36.72,36.24,36.25,34.69,99600400,0.044504,674
2017-06-21,36.38,36.52,36.15,36.47,34.89,85063200,0.148296,632
2017-06-22,36.44,36.67,36.28,36.41,34.83,76425200,0.056300,665
2017-06-23,36.28,36.79,36.28,36.57,34.99,141757600,0.174544,700
2017-06-26,36.79,37.07,36.35,36.46,34.88,102769600,0.112138,559
2017-06-27,36.25,36.54,35.90,35.93,34.38,99047600,0.131607,790
2017-06-28,36.12,36.53,35.79,36.46,34.88,88329600,0.098630,732
2017-06-29,36.18,36.28,35.57,35.92,34.37,125997600,0.106009,794
2017-06-30,36.11,36.24,35.95,36.01,34.45,92096400,-0.049457,227
2017-07-03,36.22,36.33,35.78,35.88,34.32,57111200,0.124154,506
2017-07-05,35.92,36.20,35.68,36.02,34.47,86278400,0.124004,590
2017-07-06,35.76,35.88,35.60,35.68,34.14,96515200,0.132607,737
2017-07-07,35.72,36.19,35.72,36.04,34.49,76806800,0.134509,796
2017-07-10,36.03,36.49,35.84,36.26,34.70,84362400,0.145755,665
2017-07-11,36.18,36.46,36.10,36.38,34.81,79127200,0.107917,755
2017-07-12,36.47,36.54,36.21,36.44,34.86,99538000,0.136336,937
2017-07-13,36.38,37.12,36.36,36.94,35.35,100797600,0.123192,848
2017-07-14,36.99,37.33,36.83,37.26,35.65,80528400,0.112713,686
2017-07-17,37.21,37.72,37.14,37.39,35.77,95174000,0.093833,651
2017-07-18,37.30,37.53,37.17,37.52,35.90,71475200,0.081785,666
2017-07-19,37.62,37.86,37.49,37.76,36.12,83692000,0.152928,966
2017-07-20,37.88,37.94,37.55,37.58,35.96,68974800,0.108142,796
2017-07-21,37.50,37.61,37.22,37.57,35.94,105010400,0.170014,664
2017-07-24,37.65,38.11,37.47,38.02,36.38,85972800,0.144565,515
2017-07-25,37.95,38.46,37.95,38.19,36.53,75415600,0.145839,802
2017-07-26,38.34,38.48,38.26,38.37,36.71,63124000,0.124185,779
2017-07-27,38.44,38.50,36.83,37.64,36.01,129905200,0.075013,873
2017-07-28,37.47,37.56,37.30,37.38,35.76,68854800,0.039809,701
2017-07-31,37.47,37.58,37.03,37.18,35.57,79383600,0.001904,73
2017-08-01,37.28,37.56,37.10,37.51,35.89,141474400,0.116206,910
2017-08-02,39.82,39.94,39.04,39.29,37.59,279747200,0.092774,3992
2017-08-03,39.26,39.30,38.76,38.89,37.21,108389200,0.102283,1221
2017-08-04,39.02,39.35,38.92,39.10,37.41,82239600,0.128386,759
2017-08-07,39.26,39.73,39.17,39.70,37.99,87481200,0.001804,631
2017-08-08,39.65,40.46,39.57,40.02,38.29,144823600,0.130782,940
2017-08-09,39.81,40.32,39.78,40.26,38.52,104526000,0.196692,1413
2017-08-10,39.97,40.00,38.66,38.83,37.30,163217200,0.138380,1167
2017-08-11,39.15,39.64,39.02,39.37,37.82,105028400,0.084334,935
2017-08-14,39.83,40.05,39.69,39.96,38.38,88490800,0.134391,751
2017-08-15,40.17,40.55,40.04,40.40,38.81,117862000,0.108771,1137
2017-08-16,40.49,40.63,40.04,40.24,38.65,110686400,0.065277,1044
2017-08-17,40.13,40.18,39.46,39.47,37.91,111762400,0.088679,929
2017-08-18,39.47,39.88,39.18,39.38,37.82,109712400,0.114591,777
2017-08-21,39.38,39.47,38.78,39.30,37.75,105474000,0.141741,651
2017-08-22,39.56,40.00,39.51,39.95,38.37,86418400,0.137178,816
2017-08-23,39.77,40.12,39.72,39.99,38.42,77596400,0.144550,942
2017-08-24,40.11,40.19,39.64,39.82,38.25,79275600,0.168188,789
2017-08-25,39.91,40.14,39.82,39.97,38.39,101920400,0.077224,809
2017-08-28,40.04,40.50,39.98,40.37,38.77,103864000,0.133393,658
2017-08-29,40.03,40.78,40.00,40.73,39.12,118067600,0.099367,1469
2017-08-30,40.95,40.97,40.65,40.84,39.23,109078400,0.097844,1322
2017-08-31,40.91,41.13,40.87,41.00,39.38,107140400,0.214643,255
2017-09-01,41.20,41.24,40.91,41.01,39.39,66364400,0.060777,664
2017-09-05,40.94,41.06,40.14,40.52,38.92,117874000,0.142388,737
2017-09-06,40.68,40.75,40.13,40.48,38.88,86606800,0.090357,931
2017-09-07,40.52,40.56,40.09,40.31,38.72,87714000,0.077955,935
2017-09-08,40.22,40.29,39.63,39.66,38.09,114446000,0.096742,930
2017-09-11,40.13,40.51,39.97,40.38,38.78,126323200,0.122842,1196
2017-09-12,40.65,40.99,39.69,40.22,38.63,286856000,0.073457,496
2017-09-13,39.97,39.99,39.48,39.91,38.34,179629600,0.049481,1378
2017-09-14,39.75,39.85,39.52,39.57,38.01,95042800,0.036570,1485
2017-09-15,39.62,40.24,39.50,39.97,38.39,196458400,0.119650,1474
2017-09-18,40.03,40.13,39.50,39.67,38.10,113077600,0.145052,838
2017-09-19,39.88,39.94,39.61,39.68,38.12,83242400,0.122498,1173
2017-09-20,39.47,39.56,38.46,39.02,37.48,211805600,0.076857,1416
2017-09-21,38.95,38.95,38.19,38.35,36.83,150046800,0.064336,1118
2017-09-22,37.88,38.07,37.64,37.97,36.47,186581600,0.028668,1345
2017-09-25,37.50,37.96,37.29,37.64,36.15,177549200,0.096030,1216
2017-09-26,37.95,38.48,37.92,38.29,36.77,146640000,0.124523,1266
2017-09-27,38.45,38.68,38.38,38.56,37.04,102016800,0.150307,902
2017-09-28,38.47,38.57,38.17,38.32,36.81,88022000,0.108397,871
2017-09-29,38.30,38.53,38.00,38.53,37.01,105199200,0.097502,770
2017-10-02,38.56,38.61,38.18,38.45,36.93,74795200,0.126126,700
2017-10-03,38.50,38.77,38.48,38.62,37.10,64921200,0.108493,787
2017-10-04,38.41,38.47,38.12,38.37,36.86,80655200,0.119580,929
2017-10-05,38.54,38.86,38.51,38.85,37.31,85135200,0.071560,844
2017-10-06,38.74,38.87,38.64,38.83,37.29,69630400,0.083661,805
2017-10-09,38.95,39.18,38.87,38.96,37.42,65051600,0.163955,629
2017-10-10,39.01,39.50,38.78,38.97,37.44,62468000,0.086312,862
2017-10-11,38.99,39.24,38.94,39.14,37.59,67622400,0.095576,840
2017-10-12,39.09,39.34,38.93,39.00,37.46,64500400,0.130315,697
2017-10-13,39.18,39.32,39.10,39.25,37.70,65576800,0.064765,725
2017-10-16,39.47,40.00,39.41,39.97,38.39,96486000,0.109475,855
2017-10-17,39.95,40.22,39.81,40.12,38.53,75989200,0.147413,864
2017-10-18,40.11,40.18,39.90,39.94,38.36,65496800,0.144474,830
2017-10-19,39.19,39.27,38.76,38.99,37.46,170336800,0.086942,1286
2017-10-20,39.15,39.44,38.99,39.06,37.52,95896400,0.104581,924
2017-10-23,39.22,39.42,38.88,39.04,37.50,87937200,0.060064,709
2017-10-24,39.07,39.36,39.05,39.28,37.72,71028800,0.099236,902
2017-10-25,39.23,39.39,38.82,39.10,37.56,84828400,0.122984,779
2017-10-26,39.31,39.46,39.20,39.35,37.80,68002000,0.042464,658
2017-10-27,39.82,40.90,39.67,40.76,39.15,177816800,0.106837,1149
2017-10-30,40.97,42.02,40.93,41.68,40.03,178803200,0.115592,955
2017-10-31,41.97,42.41,41.74,42.26,40.59,144187200,0.111581,293
2017-11-01,42.47,42.49,41.40,41.72,40.08,134551200,0.161153,795
2017-11-02,41.65,42.13,41.32,42.03,40.37,165573600,0.114656,1116
2017-11-03,43.50,43.56,42.78,43.13,41.42,237594400,0.080306,3260
2017-11-06,43.09,43.75,42.93,43.56,41.84,140105200,0.135742,818
2017-11-07,43.48,43.81,43.40,43.70,41.98,97446000,0.093989,1034
2017-11-08,43.67,44.06,43.58,44.06,42.32,97638000,0.112312,927
2017-11-09,43.78,44.03,43.29,43.97,42.23,117930400,0.129242,1181
2017-11-10,43.78,43.85,43.57,43.67,42.09,100582000,0.112702,990
2017-11-13,43.38,43.63,43.35,43.49,41.93,67928400,0.172174,569
2017-11-14,43.26,43.37,42.79,42.83,41.29,99130000,0.105313,743
2017-11-15,42.49,42.58,42.10,42.27,40.75,116632400,0.129741,1057
2017-11-16,42.79,42.97,42.58,42.78,41.23,94550000,0.167618,1108
2017-11-17,42.76,42.85,42.41,42.54,41.01,87598000,0.141613,801
2017-11-20,42.57,42.64,42.39,42.49,40.96,65049600,0.189701,622
2017-11-21,42.70,43.42,42.70,43.29,41.73,100525200,0.137722,829
2017-11-22,43.34,43.75,43.26,43.74,42.16,102355600,0.072314,971
2017-11-24,43.78,43.88,43.66,43.74,42.17,56106800,0.154409,488
2017-11-27,43.76,43.77,43.33,43.52,41.95,82867200,0.178613,553
2017-11-28,43.58,43.72,42.97,43.27,41.71,105715200,0.120964,690
2017-11-29,43.16,43.23,41.79,42.37,40.84,166665600,0.128919,1045
2017-11-30,42.61,43.04,42.11,42.96,41.41,166108800,0.109809,292
2017-12-01,42.49,42.92,42.13,42.76,41.22,159037200,0.047895,99
2017-12-04,43.12,43.15,42.41,42.45,40.92,130169600,0.124902,737
2017-12-05,42.26,42.88,42.10,42.41,40.88,109400800,0.170261,903
2017-12-06,41.88,42.55,41.62,42.25,40.73,114240000,0.124656,897
2017-12-07,42.26,42.61,42.23,42.33,40.81,102693200,0.099362,877
2017-12-08,42.62,42.75,42.21,42.34,40.82,93420800,0.127265,848
2017-12-11,42.30,43.22,42.20,43.17,41.61,141095200,0.177436,769
2017-12-12,43.04,43.10,42.87,42.92,41.38,77636800,0.175785,994
2017-12-13,43.13,43.38,43.00,43.07,41.52,95273600,0.193556,910
2017-12-14,43.10,43.28,42.91,43.06,41.50,81906000,0.161244,838
2017-12-15,43.41,43.54,43.12,43.49,41.93,160677200,0.131608,794
2017-12-18,43.72,44.30,43.72,44.11,42.52,117684400,0.136346,723
2017-12-19,43.76,43.85,43.52,43.63,42.06,109745600,0.140535,1198
2017-12-20,43.72,43.86,43.31,43.59,42.02,93902400,0.085899,956
2017-12-21,43.54,44.01,43.53,43.75,42.18,83799600,0.171373,1136
2017-12-22,43.67,43.86,43.63,43.75,42.18,65397600,0.124002,956
2017-12-26,42.70,42.87,42.42,42.64,41.11,132742000,0.083683,1020
2017-12-27,42.53,42.70,42.43,42.65,41.11,85992800,0.112485,1201
2017-12-28,42.75,42.96,42.62,42.77,41.23,65920800,0.092333,1046
2017-12-29,42.63,42.65,42.31,42.31,40.78,103999600,0.105270,988
2018-01-02,42.54,43.08,42.31,43.06,41.51,102223600,0.095630,839
2018-01-03,43.13,43.64,42.99,43.06,41.51,118071600,0.112818,933
2018-01-04,43.13,43.37,43.02,43.26,41.70,89738400,0.131831,851
2018-01-05,43.36,43.84,43.26,43.75,42.17,94640000,0.105427,280
2018-01-08,43.59,43.90,43.48,43.59,42.02,82271200,0.143506,851
2018-01-09,43.64,43.76,43.35,43.58,42.01,86336000,0.123450,1023
2018-01-10,43.29,43.58,43.25,43.57,42.00,95839600,0.135251,919
2018-01-11,43.65,43.87,43.62,43.82,42.24,74670800,0.128479,856
2018-01-12,44.04,44.34,43.91,44.27,42.68,101672400,0.108826,891
2018-01-16,44.47,44.85,44.04,44.05,42.46,118263600,0.131660,851
2018-01-17,44.04,44.81,43.77,44.78,43.16,137547200,0.123739,1077
2018-01-18,44.84,45.03,44.56,44.81,43.20,124773600,0.088208,1686
2018-01-19,44.65,44.90,44.35,44.62,43.01,129700400,0.110901,1045
2018-01-22,44.33,44.45,44.15,44.25,42.66,108434400,0.221526,144
2018-01-23,44.33,44.86,44.21,44.26,42.67,130756400,0.060051,176
2018-01-24,44.31,44.33,43.30,43.56,41.99,204420400,0.101985,1483
2018-01-25,43.63,43.74,42.63,42.78,41.24,166116000,0.143700,1278
2018-01-26,43.00,43.00,42.51,42.88,41.33,156572000,0.194284,1512
2018-01-29,42.54,42.54,41.77,41.99,40.48,202561600,0.132828,1607
2018-01-30,41.38,41.84,41.17,41.74,40.24,184192800,0.088759,1761
2018-01-31,41.72,42.11,41.63,41.86,40.35,129915600,0.111076,438
2018-02-01,41.79,42.15,41.69,41.95,40.43,188923200,0.225824,1017
2018-02-02,41.50,41.70,40.03,40.13,38.68,346375200,0.093136,3586
2018-02-05,39.78,40.97,39.00,39.12,37.71,290954000,0.171198,1241
2018-02-06,38.71,40.93,38.50,40.76,39.29,272975200,0.116266,1616
2018-02-07,40.77,40.85,39.77,39.88,38.45,206434400,0.111367,1485
2018-02-08,40.07,40.25,38.76,38.79,37.39,217562000,0.121251,1158
2018-02-09,39.27,39.47,37.56,39.10,37.85,282690400,0.150947,1091
2018-02-12,39.63,40.97,39.38,40.68,39.37,243278000,0.159693,896
2018-02-13,40.49,41.19,40.41,41.08,39.77,130196800,0.117026,1083
2018-02-14,40.76,41.88,40.72,41.84,40.50,162579600,0.159612,1117
2018-02-15,42.45,43.27,42.25,43.25,41.86,204588800,0.151502,1252
2018-02-16,43.09,43.71,42.94,43.11,41.72,160704400,0.192074,1078
2018-02-20,43.01,43.56,42.86,42.96,41.58,135722000,0.125644,776
2018-02-21,43.21,43.53,42.75,42.77,41.39,149886400,0.194037,900
2018-02-22,42.95,43.49,42.93,43.13,41.74,123967600,0.131942,937
2018-02-23,43.42,43.91,43.38,43.88,42.47,135249600,0.156135,861
2018-02-26,44.09,44.85,44.05,44.74,43.31,152648800,0.120315,1044
2018-02-27,44.78,45.12,44.54,44.60,43.17,155712400,0.127301,1225
2018-02-28,44.81,45.15,44.51,44.53,43.10,151128400,0.178207,297
2018-03-01,44.63,44.95,43.17,43.75,42.35,195208000,0.116123,727
2018-03-02,43.20,44.08,43.11,44.05,42.64,153816000,0.170781,1024
2018-03-05,43.80,44.44,43.63,44.21,42.79,113605600,0.121145,726
2018-03-06,44.48,44.56,44.03,44.17,42.75,95154000,0.095917,832
2018-03-07,43.74,43.96,43.57,43.76,42.35,126814000,0.137702,772
2018-03-08,43.87,44.28,43.77,44.24,42.82,95096400,0.142436,736
2018-03-09,44.49,45.00,44.35,44.99,43.55,128740800,0.167129,730
2018-03-12,45.07,45.60,45.05,45.43,43.97,128828400,0.053649,833
2018-03-13,45.65,45.88,44.81,44.99,43.55,126774000,0.146882,1018
2018-03-14,45.08,45.13,44.45,44.61,43.18,117473600,0.139379,789
2018-03-15,44.63,45.06,44.52,44.66,43.23,90975200,0.068472,787
2018-03-16,44.66,44.78,44.40,44.51,43.08,157618800,0.168005,660
2018-03-19,44.33,44.37,43.42,43.83,42.42,133787200,0.141729,468
2018-03-20,43.81,44.20,43.74,43.81,42.40,78597600,0.099380,944
2018-03-21,43.76,43.77,42.81,42.82,41.44,148219600,0.167994,891
2018-03-22,42.50,43.17,42.15,42.21,40.86,165963200,0.217869,763
2018-03-23,42.10,42.48,41.24,41.24,39.91,164115200,0.232694,1021
2018-03-26,42.02,43.28,41.61,43.19,41.81,150164800,0.156042,772
2018-03-27,43.42,43.79,41.73,42.08,40.73,163690400,0.143258,1104
2018-03-28,41.81,42.51,41.30,41.62,40.28,166674000,0.087887,1162
2018-03-29,41.95,42.94,41.72,41.95,40.60,153594000,0.145023,969
2018-04-02,41.66,42.24,41.12,41.67,40.33,150347200,0.208372,857
2018-04-03,41.91,42.19,41.22,42.10,40.75,121112000,0.148528,1139
2018-04-04,41.22,43.00,41.19,42.90,41.53,138422000,0.074616,999
2018-04-05,43.15,43.56,43.02,43.20,41.81,107732800,0.181883,853
2018-04-06,42.74,43.12,42.05,42.10,40.74,140021200,0.114677,761
2018-04-09,42.47,43.27,42.46,42.51,41.15,116070800,0.117403,674
2018-04-10,43.25,43.50,42.88,43.31,41.92,113634400,0.163839,797
2018-04-11,43.06,43.48,42.92,43.11,41.73,89726400,0.191313,796
2018-04-12,43.35,43.75,43.26,43.54,42.14,91557200,0.145607,817
2018-04-13,43.70,43.96,43.46,43.68,42.28,100497200,0.141793,815
2018-04-16,43.76,44.05,43.71,43.96,42.54,86313600,0.217356,489
2018-04-17,44.12,44.74,44.10,44.56,43.13,106421600,0.215823,635
2018-04-18,44.45,44.71,44.22,44.46,43.03,83018000,0.176558,526
2018-04-19,43.44,43.85,43.17,43.20,41.81,139235200,0.081189,769
2018-04-20,42.65,42.81,41.36,41.43,40.10,261964400,0.052586,1309
2018-04-23,41.71,41.73,41.02,41.31,39.98,146062000,0.091690,740
2018-04-24,41.42,41.58,40.31,40.74,39.43,134768000,0.103302,824
2018-04-25,40.65,41.36,40.60,40.91,39.60,113528400,0.078718,897
2018-04-26,41.03,41.43,40.84,41.06,39.74,111852000,0.070401,715
2018-04-27,41.00,41.08,40.16,40.58,39.28,142623200,0.071331,825
2018-04-30,40.53,41.81,40.46,41.31,39.99,169709600,0.116465,93
2018-05-01,41.60,42.30,41.32,42.28,40.92,214277600,0.122136,1057
2018-05-02,43.81,44.44,43.45,44.14,42.73,266157600,0.105336,3699
2018-05-03,43.97,44.38,43.61,44.22,42.80,136272800,0.087825,1129
2018-05-04,44.56,46.06,44.54,45.96,44.48,224805200,0.097161,1848
2018-05-07,46.29,46.92,46.19,46.29,44.80,169805600,0.078524,1197
2018-05-08,46.25,46.56,45.92,46.51,45.02,113611200,0.040272,1070
2018-05-09,46.64,46.85,46.31,46.84,45.34,92844800,0.115875,790
2018-05-10,46.94,47.59,46.91,47.51,45.99,111957200,0.129552,1011
2018-05-11,47.37,47.51,46.86,47.15,45.81,104848800,0.097983,962
2018-05-14,47.25,47.38,46.97,47.04,45.70,83115200,0.113398,729
2018-05-15,46.70,46.77,46.28,46.61,45.29,94780800,0.105456,862
2018-05-16,46.52,47.12,46.50,47.04,45.71,76732400,0.102435,929
2018-05-17,47.00,47.23,46.59,46.75,45.42,69176000,0.119373,800
2018-05-18,46.80,46.95,46.53,46.58,45.26,73190800,0.141498,709
2018-05-21,47.00,47.32,46.73,46.91,45.58,73603200,0.113115,675
2018-05-22,47.10,47.22,46.70,46.79,45.46,60962800,0.141728,781
2018-05-23,46.59,47.13,46.44,47.09,45.75,80233600,0.138750,762
2018-05-24,47.19,47.21,46.55,47.04,45.70,92936000,0.095674,894
2018-05-25,47.06,47.41,46.91,47.15,45.81,69844000,0.063653,848
2018-05-29,46.90,47.19,46.72,46.97,45.64,90056400,0.101390,835
2018-05-30,46.93,47.00,46.70,46.88,45.55,74762000,0.155204,854
2018-05-31,46.81,47.06,46.54,46.72,45.39,109931200,0.185514,203
2018-06-01,47.00,47.56,46.94,47.56,46.21,93770000,0.145388,672
2018-06-04,47.91,48.36,47.84,47.96,46.60,105064800,0.116022,1269
2018-06-05,48.27,48.49,48.09,48.33,46.96,86264000,0.113615,1507
2018-06-06,48.41,48.52,47.98,48.49,47.12,83734400,0.129222,887
2018-06-07,48.54,48.55,48.08,48.37,46.99,85388800,0.129948,827
2018-06-08,47.79,48.00,47.44,47.92,46.57,106627200,0.133291,1069
2018-06-11,47.84,47.99,47.55,47.81,46.45,73234000,0.143890,743
2018-06-12,47.85,48.15,47.79,48.07,46.71,67644400,0.110288,810
2018-06-13,48.11,48.22,47.61,47.67,46.32,86553600,0.104500,796
2018-06-14,47.89,47.89,47.56,47.70,46.35,86440400,0.153914,845
2018-06-15,47.51,47.54,47.06,47.21,45.87,246876800,0.184948,905
2018-06-18,46.97,47.31,46.80,47.19,45.85,73939600,0.158655,702
2018-06-19,46.29,46.58,45.86,46.42,45.11,134314000,0.155787,978
2018-06-20,46.59,46.80,46.43,46.63,45.30,82514800,0.122910,803
2018-06-21,46.81,47.09,46.24,46.37,45.05,102847600,0.122411,794
2018-06-22,46.53,46.54,46.17,46.23,44.92,108801600,0.164293,721
2018-06-25,45.85,46.23,45.18,45.54,44.25,126652400,0.127917,746
2018-06-26,45.75,46.63,45.63,46.11,44.80,98276800,0.127326,897
2018-06-27,46.31,46.82,46.01,46.04,44.73,101141200,0.159120,813
2018-06-28,46.03,46.55,45.95,46.38,45.06,69460800,0.118598,849
2018-06-29,46.57,46.80,45.73,46.28,44.96,90950800,0.189710,647
2018-07-02,45.96,46.83,45.86,46.79,45.47,70925200,0.168705,473
2018-07-03,46.95,46.99,45.88,45.98,44.68,55819200,0.144822,519
2018-07-05,46.31,46.60,46.07,46.35,45.04,66416800,0.118535,484
2018-07-06,46.36,47.11,46.30,46.99,45.66,69940800,0.138592,557
2018-07-09,47.38,47.67,47.33,47.65,46.29,79026400,0.173258,538
2018-07-10,47.68,47.82,47.54,47.59,46.24,63756400,0.189341,665
2018-07-11,47.13,47.45,46.90,46.97,45.64,75326000,0.131696,742
2018-07-12,47.38,47.85,47.33,47.76,46.40,72164400,0.174189,614
2018-07-13,47.77,47.96,47.72,47.83,46.48,50055600,0.197081,666
2018-07-16,47.88,48.16,47.61,47.73,46.37,60172400,0.176379,428
2018-07-17,47.44,47.97,47.30,47.86,46.50,62138000,0.143501,620
2018-07-18,47.95,47.95,47.48,47.60,46.25,65573600,0.224348,581
2018-07-19,47.42,48.14,47.42,47.97,46.61,81147200,0.135689,678
2018-07-20,47.95,48.11,47.54,47.86,46.50,82704800,0.148653,602
2018-07-23,47.67,47.99,47.39,47.90,46.54,63957600,0.183509,515
2018-07-24,48.11,48.42,48.01,48.25,46.88,74791600,0.171937,683
2018-07-25,48.26,48.71,48.11,48.71,47.32,66839600,0.092302,581
2018-07-26,48.65,48.99,48.40,48.55,47.18,76304000,0.141137,826
2018-07-27,48.75,48.80,47.53,47.74,46.39,96096000,0.120116,658
2018-07-30,47.97,48.05,47.27,47.48,46.13,84118000,0.135338,828
2018-07-31,47.58,48.04,47.33,47.57,46.22,157492000,0.107161,274
2018-08-01,49.78,50.44,49.33,50.38,48.95,271742800,0.129195,2636
2018-08-02,50.15,52.10,50.09,51.85,50.38,249616000,0.122725,3770
2018-08-03,51.76,52.19,51.37,52.00,50.52,133789600,0.110453,2242
2018-08-06,52.00,52.31,51.77,52.27,50.79,101701600,0.099807,834
2018-08-07,52.33,52.38,51.69,51.78,50.31,102349600,0.116948,1111
2018-08-08,51.51,51.95,51.13,51.81,50.34,90102000,0.136759,854
2018-08-09,52.38,52.45,51.80,52.22,50.74,93970400,0.152291,903
2018-08-10,51.84,52.28,51.67,51.88,50.59,98444800,0.128169,791
2018-08-13,52.33,52.74,51.92,52.22,50.91,103563600,0.150553,607
2018-08-14,52.54,52.64,52.06,52.44,51.13,82992000,0.122030,777
2018-08-15,52.31,52.69,52.08,52.56,51.25,115230400,0.164055,896
2018-08-16,52.94,53.45,52.87,53.33,52.00,114001600,0.122468,947
2018-08-17,53.36,54.49,53.29,54.40,53.04,141708000,0.120225,1056
2018-08-20,54.53,54.79,53.78,53.87,52.52,121150800,0.105559,817
2018-08-21,54.20,54.30,53.51,53.76,52.42,104639200,0.150572,953
2018-08-22,53.53,54.09,53.46,53.76,52.42,76072400,0.151107,771
2018-08-23,53.66,54.26,53.65,53.87,52.53,75532800,0.156024,721
2018-08-24,54.15,54.22,53.78,54.04,52.69,73905600,0.122772,735
2018-08-27,54.29,54.69,54.08,54.49,53.13,82100400,0.181186,667
2018-08-28,54.75,55.13,54.73,54.92,53.55,91107200,0.157027,922
2018-08-29,55.04,55.87,54.85,55.74,54.35,109019200,0.177140,942
2018-08-30,55.81,57.06,55.60,56.26,54.85,195175200,0.124621,1515
2018-08-31,56.63,57.22,56.50,56.91,55.49,173360400,0.091090,468
2018-09-04,57.10,57.29,56.66,57.09,55.67,109560400,0.146104,999
2018-09-05,57.25,57.42,56.28,56.72,55.30,133332000,0.128024,1218
2018-09-06,56.56,56.84,55.33,55.78,54.38,137160000,0.150683,988
2018-09-07,55.46,56.34,55.18,55.33,53.94,150479200,0.136020,913
2018-09-10,55.24,55.46,54.12,54.58,53.22,158066000,0.110129,1132
2018-09-11,54.50,56.08,54.14,55.96,54.57,142996000,0.152624,1245
2018-09-12,56.24,56.25,54.96,55.27,53.89,197114800,0.073452,2216
2018-09-13,55.88,57.09,55.64,56.60,55.19,166825600,0.060384,1984
2018-09-14,56.44,56.71,55.63,55.96,54.56,127997200,0.085896,1195
2018-09-17,55.54,55.74,54.32,54.47,53.11,148780400,0.136072,970
2018-09-18,54.45,55.46,54.28,54.56,53.20,126286800,0.107640,1158
2018-09-19,54.63,54.90,53.83,54.59,53.23,108495200,0.119396,924
2018-09-20,55.06,55.57,54.79,55.01,53.63,106435200,0.121235,914
2018-09-21,55.20,55.34,54.32,54.42,53.06,384986800,0.156072,859
2018-09-24,54.21,55.31,54.16,55.20,53.82,110773600,0.143324,791
2018-09-25,54.94,55.71,54.92,55.55,54.16,98217600,0.139436,911
2018-09-26,55.25,55.94,54.94,55.11,53.73,95938800,0.170823,788
2018-09-27,55.96,56.61,55.88,56.24,54.83,120724800,0.123479,1052
2018-09-28,56.20,56.46,56.01,56.44,55.03,91717600,0.163817,782
2018-10-01,56.99,57.36,56.59,56.81,55.40,94403200,0.147112,533
2018-10-02,56.81,57.50,56.66,57.32,55.89,99152800,0.122936,874
2018-10-03,57.51,58.37,57.45,58.02,56.57,114619200,0.110863,1047
2018-10-04,57.70,58.09,56.68,57.00,55.58,128168000,0.093902,1091
2018-10-05,56.99,57.10,55.15,56.07,54.67,134322000,0.127770,978
2018-10-08,55.55,56.20,55.05,55.94,54.55,118655600,0.133931,691
2018-10-09,55.91,56.82,55.56,56.72,55.30,107564000,0.134167,817
2018-10-10,56.37,56.59,54.01,54.09,52.74,167962400,0.114534,887
2018-10-11,53.63,54.88,53.08,53.61,52.27,212497600,0.068712,1311
2018-10-12,55.11,55.72,54.21,55.53,54.14,161351600,0.127343,917
2018-10-15,55.29,55.46,54.32,54.34,52.98,123164000,0.138284,730
2018-10-16,54.73,55.75,54.19,55.54,54.15,116736000,0.115449,873
2018-10-17,55.58,55.66,54.83,55.30,53.92,91541600,0.137123,761
2018-10-18,54.47,54.94,53.25,54.01,52.66,130325200,0.120023,872
2018-10-19,54.51,55.31,54.36,54.83,53.46,132314800,0.070797,853
2018-10-22,54.95,55.84,54.74,55.16,53.79,115168400,0.132028,706
2018-10-23,53.96,55.81,53.67,55.68,54.29,155071200,0.082535,866
2018-10-24,55.65,56.06,53.63,53.77,52.43,163702000,0.105195,942
2018-10-25,54.43,55.35,54.19,54.95,53.58,119423200,0.112595,915
2018-10-26,53.97,55.05,53.17,54.08,52.73,189033600,0.108224,1065
2018-10-29,54.80,54.92,51.52,53.06,51.74,183742000,0.107084,932
2018-10-30,52.79,53.79,52.32,53.33,51.99,146640000,0.040793,1452
2018-10-31,54.22,55.11,54.15,54.72,53.35,153435600,0.041776,352
2018-11-01,54.76,55.59,54.20,55.56,54.17,233292800,0.106137,1294
2018-11-02,52.39,53.41,51.36,51.87,50.58,365314800,0.075350,5285
2018-11-05,51.08,51.10,49.54,50.40,49.14,264654800,0.076498,1658
2018-11-06,50.48,51.18,50.42,50.94,49.67,127531600,0.072416,1235
2018-11-07,51.49,52.51,51.03,52.49,51.18,133697600,0.123289,1040
2018-11-08,52.49,52.53,51.69,52.12,51.00,101450400,0.091641,922
2018-11-09,51.39,51.50,50.56,51.12,50.02,137463200,0.097280,842
2018-11-12,49.75,49.96,48.45,48.54,47.50,204542000,0.080130,1316
2018-11-13,47.91,49.29,47.86,48.06,47.02,187531600,0.015860,1821
2018-11-14,48.47,48.62,46.48,46.70,45.69,243204000,0.064937,1754
2018-11-15,47.10,47.99,46.72,47.85,46.82,185915200,0.107373,1716
2018-11-16,47.63,48.74,47.37,48.38,47.34,147713200,0.123810,1209
2018-11-19,47.50,47.67,46.25,46.47,45.46,167701200,0.035111,1228
2018-11-20,44.59,45.37,43.88,44.24,43.29,271300800,0.082001,1960
2018-11-21,44.93,45.07,44.14,44.20,43.24,124496800,0.085743,1516
2018-11-23,43.74,44.15,43.03,43.07,42.14,94496000,0.126409,950
2018-11-26,43.56,43.74,42.56,43.65,42.71,179994000,0.112158,1047
2018-11-27,42.88,43.69,42.72,43.56,42.62,165549600,0.083652,1752
2018-11-28,44.18,45.32,43.73,45.24,44.26,184250000,0.112380,1229
2018-11-29,45.67,45.70,44.42,44.89,43.92,167080000,0.143719,1257
2018-11-30,45.07,45.08,44.26,44.65,43.68,158126000,0.082438,313
2018-12-03,46.12,46.24,45.30,46.21,45.21,163210000,0.116807,886
2018-12-04,45.24,45.60,44.07,44.17,43.22,165377200,0.100019,1374
2018-12-06,42.94,43.70,42.61,43.68,42.74,172393600,0.109761,1131
2018-12-07,43.37,43.62,42.08,42.12,41.21,169126400,0.087462,1169
2018-12-10,41.25,42.52,40.83,42.40,41.49,248104000,0.088864,1553
2018-12-11,42.92,42.95,41.75,42.16,41.25,189126800,0.083077,1494
2018-12-12,42.60,42.98,42.26,42.28,41.36,142510800,0.094031,1119
2018-12-13,42.62,43.14,42.39,42.74,41.82,127594400,0.101230,1358
2018-12-14,42.25,42.27,41.32,41.37,40.48,162814800,0.101623,1240
2018-12-17,41.36,42.09,40.68,40.99,40.10,177151600,0.158404,941
2018-12-18,41.35,41.88,41.10,41.52,40.62,135366000,0.134407,1158
2018-12-19,41.50,41.86,39.77,40.22,39.36,196189200,0.099625,1036
2018-12-20,40.10,40.53,38.83,39.21,38.36,259092000,0.098380,1339
2018-12-21,39.22,39.54,37.41,37.68,36.87,382978400,0.070387,1308
2018-12-24,37.04,37.89,36.65,36.71,35.92,148676800,0.100391,830
2018-12-26,37.08,39.31,36.68,39.29,38.45,234330000,0.081546,794
2018-12-27,38.96,39.19,37.52,39.04,38.20,212468400,0.124979,1172
2018-12-28,39.38,39.63,38.64,39.06,38.22,169165600,0.103820,934
2018-12-31,39.63,39.84,39.12,39.44,38.59,140014000,0.012591,101
2019-01-02,38.72,39.71,38.56,39.48,38.63,148158800,0.099366,687
2019-01-03,35.99,36.43,35.50,35.55,34.78,365248800,0.035514,7871
2019-01-04,36.13,37.14,35.95,37.06,36.27,234428400,0.049114,3237
2019-01-07,37.17,37.21,36.47,36.98,36.19,219111200,0.106587,1268
2019-01-08,37.39,37.96,37.13,37.69,36.88,164101200,0.099508,1423
2019-01-09,37.82,38.63,37.41,38.33,37.50,180396400,0.091403,1833
2019-01-10,38.13,38.49,37.72,38.45,37.62,143122800,0.113594,1157
2019-01-11,38.22,38.42,37.88,38.07,37.25,108092800,0.116869,1089
2019-01-14,37.71,37.82,37.31,37.50,36.69,129756800,0.139447,805
2019-01-15,37.57,38.35,37.51,38.27,37.44,114843600,0.120885,1024
2019-01-16,38.27,38.97,38.25,38.74,37.90,122278800,0.100377,1239
2019-01-17,38.55,39.42,38.31,38.97,38.13,119284800,0.073052,1148
2019-01-18,39.38,39.47,38.99,39.21,38.36,135004000,0.095246,1220
2019-01-22,39.10,39.18,38.15,38.33,37.50,121576000,0.097192,987
2019-01-23,38.54,38.79,37.92,38.48,37.65,92522400,0.091950,1058
2019-01-24,38.53,38.62,37.94,38.17,37.35,101766000,0.099374,1115
2019-01-25,38.87,39.53,38.58,39.44,38.59,134142000,0.092541,1157
2019-01-28,38.95,39.08,38.42,39.08,38.23,104768400,0.099376,1140
2019-01-29,39.06,39.53,38.53,38.67,37.84,166348800,0.073054,1856
2019-01-30,40.81,41.54,40.06,41.31,40.42,244439200,0.070685,4778
2019-01-31,41.53,42.25,41.14,41.61,40.71,162958400,0.115310,598
2019-02-01,41.74,42.24,41.48,41.63,40.73,130672400,0.086723,754
2019-02-04,41.85,42.92,41.82,42.81,41.89,125982000,0.122226,884
2019-02-05,43.22,43.77,43.09,43.54,42.61,144406400,0.127018,1351
2019-02-06,43.66,43.89,43.21,43.56,42.62,112958400,0.107058,1188
2019-02-07,43.10,43.49,42.58,42.74,41.81,126966800,0.122057,990
2019-02-08,42.25,42.67,42.11,42.60,41.86,95280000,0.105668,920
2019-02-11,42.76,42.80,42.31,42.36,41.62,83973600,0.089615,835
2019-02-12,42.53,42.75,42.42,42.72,41.98,89134000,0.117594,986
2019-02-13,42.85,43.12,42.48,42.54,41.81,89960800,0.099022,1011
2019-02-14,42.43,42.81,42.35,42.70,41.96,87342800,0.107842,1034
2019-02-15,42.81,42.92,42.44,42.61,41.87,98507200,0.121294,1046
2019-02-19,42.43,42.86,42.37,42.73,41.99,75891200,0.102772,765
2019-02-20,42.80,43.33,42.75,43.01,42.26,104457600,0.099391,1010
2019-02-21,42.95,43.09,42.58,42.76,42.02,68998800,0.074084,1150
2019-02-22,42.90,43.25,42.85,43.24,42.49,75652800,0.138653,884
2019-02-25,43.54,43.97,43.49,43.56,42.80,87493600,0.151569,1022
2019-02-26,43.43,43.83,43.29,43.58,42.83,68280800,0.141619,1150
2019-02-27,43.30,43.75,43.18,43.72,42.96,111341600,0.138394,860
2019-02-28,43.58,43.73,43.23,43.29,42.54,112861600,0.163797,299
2019-03-01,43.57,43.79,43.22,43.74,42.98,103544800,0.131989,668
2019-03-04,43.92,44.44,43.49,43.96,43.20,109744800,0.128349,978
2019-03-05,43.99,44.00,43.63,43.88,43.12,78949600,0.136778,965
2019-03-06,43.67,43.87,43.49,43.63,42.87,83241600,0.185627,1050
2019-03-07,43.47,43.61,43.01,43.13,42.38,99185600,0.130487,1050
2019-03-08,42.58,43.27,42.38,43.23,42.48,95997600,0.107714,948
2019-03-11,43.87,44.78,43.84,44.72,43.95,128044000,0.104096,1174
2019-03-12,45.00,45.67,44.84,45.23,44.44,129870400,0.136154,1669
2019-03-13,45.56,45.83,45.23,45.43,44.64,124130000,0.096559,1276
2019-03-14,45.97,46.03,45.64,45.93,45.14,94318000,0.122584,1354
2019-03-15,46.21,46.83,45.94,46.53,45.72,156171600,0.104534,1365
2019-03-18,46.45,47.10,46.45,47.01,46.19,104879200,0.081812,1004
2019-03-19,47.09,47.25,46.48,46.63,45.82,126585600,0.159800,1235
2019-03-20,46.56,47.37,46.18,47.04,46.22,124140800,0.134992,1007
2019-03-21,47.51,49.08,47.45,48.77,47.93,204136800,0.123939,1803
2019-03-22,48.83,49.42,47.70,47.76,46.93,169630800,0.119556,1471
2019-03-25,47.88,47.99,46.65,47.19,46.37,175381200,0.080769,2279
2019-03-26,47.92,48.22,46.15,46.70,45.89,199202000,0.076817,2668
2019-03-27,47.19,47.44,46.64,47.12,46.30,119393600,0.113438,1816
2019-03-28,47.24,47.39,46.88,47.18,46.36,83121600,0.122488,1076
2019-03-29,47.46,47.52,47.13,47.49,46.66,94256000,0.130707,1080
2019-04-01,47.91,47.92,47.10,47.81,46.98,111448000,0.079723,792
2019-04-02,47.77,48.62,47.76,48.51,47.66,91062800,0.105813,1046
2019-04-03,48.31,49.13,48.29,48.84,47.99,93087200,0.135405,1151
2019-04-04,48.70,49.09,48.29,48.92,48.07,76457200,0.137008,1064
2019-04-05,49.11,49.28,48.98,49.25,48.40,74106400,0.140556,1112
2019-04-08,49.11,50.06,49.08,50.03,49.16,103526800,0.084079,966
2019-04-09,50.08,50.71,49.81,49.88,49.01,143072800,0.135229,1590
2019-04-10,49.67,50.19,49.54,50.15,49.28,86781200,0.110834,1349
2019-04-11,50.21,50.25,49.61,49.74,48.87,83603200,0.136556,1045
2019-04-12,49.80,50.04,49.05,49.72,48.85,111042800,0.126401,1096
2019-04-15,49.65,49.96,49.50,49.81,48.94,70146400,0.139410,853
2019-04-16,49.87,50.34,49.64,49.81,48.95,102785600,0.119478,1105
2019-04-17,49.88,50.85,49.65,50.78,49.90,115627200,0.101224,1830
2019-04-18,50.78,51.04,50.63,50.97,50.08,96783200,0.111894,1225
2019-04-22,50.71,51.24,50.58,51.13,50.25,77758000,0.193316,715
2019-04-23,51.11,51.94,50.97,51.87,50.97,93292000,0.190288,1025
2019-04-24,51.84,52.12,51.76,51.79,50.89,70162400,0.135723,1060
2019-04-25,51.71,51.94,51.28,51.32,50.43,74172800,0.139272,917
2019-04-26,51.22,51.25,50.53,51.08,50.19,74596400,0.177469,827
2019-04-29,51.10,51.49,50.97,51.15,50.26,88818800,0.124182,806
2019-04-30,50.76,50.85,49.78,50.17,49.30,186139600,0.059659,329
2019-05-01,52.47,53.83,52.31,52.63,51.72,259309200,0.095956,2251
2019-05-02,52.46,53.16,52.03,52.29,51.38,127985200,0.105828,1720
2019-05-03,52.72,52.96,52.56,52.94,52.02,83569600,0.113605,1103
2019-05-06,51.07,52.21,50.88,52.12,51.22,129772400,0.105876,1081
2019-05-07,51.47,51.86,50.21,50.72,49.83,155054800,0.170330,1219
2019-05-08,50.47,51.33,50.44,50.72,49.84,105358000,0.166742,1144
2019-05-09,50.10,50.42,49.17,50.18,49.31,139634400,0.171997,1131
2019-05-10,49.36,49.71,48.19,49.29,48.63,164834800,0.147055,1318
2019-05-13,46.93,47.37,45.71,46.43,45.80,229722400,0.121959,1375
2019-05-14,46.60,47.42,46.35,47.17,46.52,146118800,0.128342,1605
2019-05-15,46.57,47.94,46.51,47.73,47.08,106178800,0.141266,1222
2019-05-16,47.48,48.12,47.21,47.52,46.88,132125600,0.117499,1227
2019-05-17,46.73,47.72,46.69,47.25,46.61,131516400,0.081200,1078
2019-05-20,45.88,46.09,45.07,45.77,45.15,154449200,0.104389,787
2019-05-21,46.31,47.00,46.17,46.65,46.02,113459200,0.159145,1430
2019-05-22,46.17,46.43,45.64,45.70,45.07,118994400,0.118362,1417
2019-05-23,44.95,45.13,44.45,44.92,44.31,146118800,0.097260,1374
2019-05-24,45.05,45.54,44.65,44.74,44.14,94858800,0.111490,1022
2019-05-28,44.73,45.15,44.48,44.56,43.95,111792800,0.163943,940
2019-05-29,44.11,44.84,44.00,44.35,43.74,113924800,0.157167,1107
2019-05-30,44.49,44.81,44.17,44.58,43.97,84873600,0.121125,943
2019-05-31,44.06,44.50,43.75,43.77,43.17,108174400,0.053560,217
2019-06-03,43.90,44.48,42.57,43.33,42.74,161584400,0.050751,1192
2019-06-04,43.86,44.96,43.63,44.91,44.30,123872000,0.072440,1559
2019-06-05,46.07,46.25,45.29,45.63,45.02,119093600,0.125543,1172
2019-06-06,45.77,46.37,45.54,46.31,45.68,90105200,0.091172,923
2019-06-07,46.63,47.98,46.44,47.54,46.89,122737600,0.121430,892
2019-06-10,47.95,48.84,47.90,48.15,47.49,104883600,0.103027,627
2019-06-11,48.72,49.00,48.40,48.70,48.04,107731600,0.179086,897
2019-06-12,48.49,48.99,48.35,48.55,47.89,73012800,0.150677,831
2019-06-13,48.67,49.20,48.40,48.54,47.88,86698400,0.131001,717
2019-06-14,47.89,48.40,47.58,48.19,47.53,75046000,0.135315,773
2019-06-17,48.22,48.74,48.04,48.47,47.81,58676400,0.104843,566
2019-06-18,49.01,50.07,48.80,49.61,48.94,106204000,0.099584,808
2019-06-19,49.92,49.97,49.33,49.47,48.80,84496800,0.179780,850
2019-06-20,50.09,50.15,49.51,49.87,49.19,86056000,0.131375,818
2019-06-21,49.70,50.21,49.54,49.70,49.02,191202400,0.123066,744
2019-06-24,49.63,50.04,49.54,49.65,48.97,72881600,0.141634,495
2019-06-25,49.61,49.81,48.82,48.89,48.23,84281200,0.121428,641
2019-06-26,49.44,50.25,49.34,49.95,49.27,104270000,0.102513,881
2019-06-27,50.07,50.39,49.89,49.94,49.26,83598800,0.143246,779
2019-06-28,49.67,49.88,49.26,49.48,48.81,124442400,0.098834,1173
2019-07-01,50.79,51.12,50.16,50.39,49.70,109012000,0.127408,664
2019-07-02,50.35,50.78,50.34,50.68,49.99,67740800,0.060390,705
2019-07-03,50.82,51.11,50.67,51.10,50.41,45448000,0.115877,681
2019-07-05,50.84,51.27,50.72,51.06,50.36,69062000,0.097604,438
2019-07-08,50.20,50.35,49.60,50.01,49.33,101354400,0.057997,865
2019-07-09,49.80,50.38,49.70,50.31,49.63,82312000,0.091058,909
2019-07-10,50.46,50.93,50.39,50.81,50.12,71588400,0.075777,730
2019-07-11,50.83,51.10,50.43,50.44,49.75,80767200,0.101801,714
2019-07-12,50.61,51.00,50.55,50.83,50.14,70380800,0.112741,542
2019-07-15,51.02,51.47,51.00,51.30,50.61,67789600,0.161794,490
2019-07-16,51.15,51.53,50.88,51.13,50.43,67467200,0.142708,676
2019-07-17,51.01,51.27,50.82,50.84,50.15,56430000,0.128261,633
2019-07-18,51.00,51.47,50.92,51.42,50.72,74162400,0.132279,775
2019-07-19,51.45,51.63,50.59,50.65,49.96,83717200,0.081003,529
2019-07-22,50.91,51.81,50.90,51.81,51.10,89111600,0.100337,501
2019-07-23,52.12,52.23,51.82,52.21,51.50,73420800,0.116282,895
2019-07-24,51.92,52.29,51.79,52.17,51.46,59966400,0.088004,822
2019-07-25,52.22,52.31,51.68,51.76,51.05,55638400,0.135068,683
2019-07-26,51.87,52.43,51.79,51.94,51.23,70475600,0.102529,829
2019-07-29,52.12,52.66,52.11,52.42,51.71,86693600,0.129366,771
2019-07-30,52.19,52.54,51.83,52.20,51.49,135742800,0.128828,1082
2019-07-31,54.11,55.34,52.83,53.26,52.54,277125600,0.107928,1415
2019-08-01,53.47,54.51,51.69,52.11,51.40,216071600,0.062346,833
2019-08-02,51.38,51.61,50.41,51.01,50.31,163448400,0.091402,1065
2019-08-05,49.50,49.66,48.15,48.33,47.68,209572000,0.065417,838
2019-08-06,49.08,49.52,48.51,49.25,48.58,143299200,0.079042,1026
2019-08-07,48.85,49.89,48.46,49.76,49.08,133457600,0.056730,767
2019-08-08,50.05,50.88,49.85,50.86,50.17,108038000,0.118805,779
2019-08-09,50.33,50.69,49.82,50.25,49.75,98478800,0.123168,701
2019-08-12,49.90,50.51,49.79,50.12,49.63,89927600,0.098209,524
2019-08-13,50.26,53.04,50.12,52.24,51.73,188874000,0.124264,987
2019-08-14,50.79,51.61,50.65,50.69,50.19,146189600,0.117263,964
2019-08-15,50.87,51.29,49.92,50.44,49.94,108909600,0.080389,679
2019-08-16,51.07,51.79,50.96,51.63,51.12,110481600,0.067748,754
2019-08-19,52.65,53.18,52.51,52.59,52.07,97654400,0.105745,910
2019-08-20,52.72,53.34,52.58,52.59,52.07,107537200,0.077938,1115
2019-08-21,53.25,53.41,52.90,53.16,52.64,86141600,0.086011,1176
2019-08-22,53.30,53.61,52.69,53.12,52.59,89014800,0.058497,1007
2019-08-23,52.36,53.01,50.25,50.66,50.16,187272000,0.097330,1103
2019-08-26,51.47,51.80,51.26,51.62,51.12,104174400,0.072340,888
2019-08-27,51.97,52.14,50.88,51.04,50.54,103493200,0.117541,962
2019-08-28,51.03,51.43,50.83,51.38,50.88,63755200,0.061477,895
2019-08-29,52.13,52.33,51.67,52.25,51.74,83962000,0.056460,1083
2019-08-30,52.54,52.61,51.80,52.19,51.67,84573600,0.106096,1005
2019-09-03,51.61,51.74,51.06,51.42,50.92,80092000,#N/A,#N/A
2019-09-04,52.10,52.37,51.83,52.30,51.78,76752400,#N/A,#N/A
2019-09-05,53.00,53.49,52.88,53.32,52.80,95654800,#N/A,#N/A
2019-09-06,53.51,53.61,53.13,53.31,52.79,77449200,#N/A,#N/A
2019-09-09,53.71,54.11,52.77,53.54,53.02,109237600,#N/A,#N/A
2019-09-10,53.47,54.20,52.93,54.17,53.64,127111600,#N/A,#N/A
2019-09-11,54.52,55.93,54.43,55.90,55.35,177158400,#N/A,#N/A
2019-09-12,56.20,56.61,55.72,55.77,55.22,128906800,#N/A,#N/A
2019-09-13,55.00,55.20,54.26,54.69,54.15,159053200,#N/A,#N/A
2019-09-16,54.43,55.03,54.39,54.97,54.43,84632400,#N/A,#N/A
2019-09-17,54.99,55.21,54.78,55.17,54.63,73274800,#N/A,#N/A
2019-09-18,55.26,55.71,54.86,55.69,55.15,101360000,#N/A,#N/A
2019-09-19,55.50,55.94,55.09,55.24,54.70,88242400,#N/A,#N/A
2019-09-20,55.35,55.64,54.37,54.43,53.90,221652400,#N/A,#N/A
2019-09-23,54.74,54.96,54.41,54.68,54.14,76662000,#N/A,#N/A
2019-09-24,55.26,55.62,54.30,54.42,53.89,124763200,#N/A,#N/A
2019-09-25,54.64,55.38,54.29,55.26,54.71,87613600,#N/A,#N/A
2019-09-26,55.00,55.24,54.71,54.97,54.43,75334000,#N/A,#N/A
2019-09-27,55.13,55.24,54.32,54.71,54.17,101408000,#N/A,#N/A
2019-09-30,55.22,56.15,55.20,55.99,55.44,103909600,#N/A,#N/A
2019-10-01,56.27,57.06,56.05,56.15,55.60,139223200,#N/A,#N/A
2019-10-02,55.76,55.90,54.48,54.74,54.20,138449200,#N/A,#N/A
2019-10-03,54.61,55.24,53.78,55.21,54.66,114426000,#N/A,#N/A
2019-10-04,56.41,56.87,55.97,56.75,56.19,138478800,#N/A,#N/A
2019-10-07,56.57,57.48,56.46,56.76,56.21,122306000,#N/A,#N/A
2019-10-08,56.46,57.01,56.08,56.10,55.55,111820000,#N/A,#N/A
2019-10-09,56.76,56.95,56.41,56.76,56.20,74770400,#N/A,#N/A
2019-10-10,56.98,57.61,56.83,57.52,56.96,113013600,#N/A,#N/A
2019-10-11,58.24,59.41,58.08,59.05,58.47,166795600,#N/A,#N/A
2019-10-14,58.72,59.53,58.67,58.97,58.39,96427600,#N/A,#N/A
2019-10-15,59.10,59.41,58.72,58.83,58.25,87360000,#N/A,#N/A
2019-10-16,58.34,58.81,58.30,58.59,58.02,73903200,#N/A,#N/A
2019-10-17,58.77,59.04,58.38,58.82,58.24,67585200,#N/A,#N/A
2019-10-18,58.65,59.40,58.57,59.10,58.52,97433600,#N/A,#N/A
2019-10-21,59.38,60.25,59.33,60.13,59.54,87247200,#N/A,#N/A
2019-10-22,60.29,60.55,59.90,59.99,59.40,82293600,#N/A,#N/A
2019-10-23,60.53,60.81,60.31,60.79,60.20,75828800,#N/A,#N/A
2019-10-24,61.13,61.20,60.45,60.90,60.30,69275200,#N/A,#N/A
2019-10-25,60.79,61.68,60.72,61.65,61.04,73477200,#N/A,#N/A
2019-10-28,61.86,62.31,61.68,62.26,61.65,96572800,#N/A,#N/A
2019-10-29,62.24,62.44,60.64,60.82,60.22,142839600,#N/A,#N/A
2019-10-30,61.19,61.33,60.30,60.81,60.22,124522000,#N/A,#N/A
2019-10-31,61.81,62.29,59.31,62.19,61.58,139162000,#N/A,#N/A
2019-11-01,62.38,63.98,62.29,63.96,63.33,151125200,#N/A,#N/A
2019-11-04,64.33,64.46,63.85,64.38,63.74,103272000,#N/A,#N/A
2019-11-05,64.26,64.55,64.08,64.28,63.65,79897600,#N/A,#N/A
2019-11-06,64.19,64.37,63.84,64.31,63.68,75864400,#N/A,#N/A
2019-11-07,64.68,65.09,64.53,64.86,64.41,94940400,#N/A,#N/A
2019-11-08,64.67,65.11,64.21,65.04,64.59,69986400,#N/A,#N/A
2019-11-11,64.57,65.62,64.57,65.55,65.10,81821200,#N/A,#N/A
2019-11-12,65.39,65.70,65.23,65.49,65.04,87388800,#N/A,#N/A
2019-11-13,65.28,66.20,65.27,66.12,65.66,102734400,#N/A,#N/A
2019-11-14,65.94,66.22,65.53,65.66,65.21,89182800,#N/A,#N/A
2019-11-15,65.92,66.45,65.75,66.44,65.98,100206400,#N/A,#N/A
2019-11-18,66.45,66.86,66.06,66.78,66.32,86703200,#N/A,#N/A
2019-11-19,66.97,67.00,66.35,66.57,66.12,76167200,#N/A,#N/A
2019-11-20,66.39,66.52,65.10,65.80,65.35,106234400,#N/A,#N/A
2019-11-21,65.92,66.00,65.29,65.50,65.05,121395200,#N/A,#N/A
2019-11-22,65.65,65.79,65.21,65.45,65.00,65325200,#N/A,#N/A
2019-11-25,65.68,66.61,65.63,66.59,66.14,84020400,#N/A,#N/A
2019-11-26,66.74,66.79,65.63,66.07,65.62,105207600,#N/A,#N/A
2019-11-27,66.39,67.00,66.33,66.96,66.50,65235600,#N/A,#N/A
2019-11-29,66.65,67.00,66.47,66.81,66.35,46617600,#N/A,#N/A
2019-12-02,66.82,67.06,65.86,66.04,65.59,94487200,#N/A,#N/A
2019-12-03,64.58,64.88,64.07,64.86,64.42,114430400,#N/A,#N/A
2019-12-04,65.27,65.83,65.17,65.43,64.99,67181600,#N/A,#N/A
2019-12-05,65.95,66.47,65.68,66.39,65.94,74424400,#N/A,#N/A
2019-12-06,66.87,67.75,66.82,67.68,67.21,106075600,#N/A,#N/A
2019-12-09,67.50,67.70,66.23,66.73,66.27,128042400,#N/A,#N/A
2019-12-10,67.15,67.52,66.46,67.12,66.66,90420400,#N/A,#N/A
2019-12-11,67.20,67.78,67.13,67.69,67.23,78756800,#N/A,#N/A
2019-12-12,66.95,68.14,66.83,67.86,67.40,137310400,#N/A,#N/A
2019-12-13,67.86,68.82,67.73,68.79,68.32,133587600,#N/A,#N/A
2019-12-16,69.25,70.20,69.25,69.96,69.49,128186000,#N/A,#N/A
2019-12-17,69.89,70.44,69.70,70.10,69.62,114158400,#N/A,#N/A
2019-12-18,69.95,70.47,69.78,69.93,69.46,116028400,#N/A,#N/A
2019-12-19,69.88,70.29,69.74,70.00,69.53,98369200,#N/A,#N/A
2019-12-20,70.56,70.66,69.64,69.86,69.38,275978000,#N/A,#N/A
2019-12-23,70.13,71.06,70.09,71.00,70.51,98572000,#N/A,#N/A
2019-12-24,71.17,71.22,70.73,71.07,70.58,48478800,#N/A,#N/A
2019-12-26,71.21,72.50,71.18,72.48,71.98,93121200,#N/A,#N/A
2019-12-27,72.78,73.49,72.03,72.45,71.95,146266000,#N/A,#N/A
2019-12-30,72.36,73.17,71.31,72.88,72.38,144114400,#N/A,#N/A
2019-12-31,72.48,73.42,72.38,73.41,72.91,100805600,#N/A,#N/A
2020-01-02,74.06,75.15,73.80,75.09,74.57,135480400,#N/A,#N/A
2020-01-03,74.29,75.14,74.13,74.36,73.85,146322800,#N/A,#N/A
2020-01-06,73.45,74.99,73.19,74.95,74.44,118387200,#N/A,#N/A
2020-01-07,74.96,75.22,74.37,74.60,74.09,108872000,#N/A,#N/A
2020-01-08,74.29,76.11,74.29,75.80,75.28,132079200,#N/A,#N/A
2020-01-09,76.81,77.61,76.55,77.41,76.88,170108400,#N/A,#N/A
2020-01-10,77.65,78.17,77.06,77.58,77.05,140644800,#N/A,#N/A
2020-01-13,77.91,79.27,77.79,79.24,78.70,121532000,#N/A,#N/A
2020-01-14,79.18,79.39,78.04,78.17,77.63,161954400,#N/A,#N/A
2020-01-15,77.96,78.88,77.39,77.83,77.30,121923600,#N/A,#N/A
2020-01-16,78.40,78.93,78.02,78.81,78.27,108829200,#N/A,#N/A
2020-01-17,79.07,79.68,78.75,79.68,79.14,137816400,#N/A,#N/A
2020-01-21,79.30,79.75,79.00,79.14,78.60,110843200,#N/A,#N/A
2020-01-22,79.64,80.00,79.33,79.43,78.88,101832400,#N/A,#N/A
2020-01-23,79.48,79.89,78.91,79.81,79.26,104472000,#N/A,#N/A
2020-01-24,80.06,80.83,79.38,79.58,79.03,146537600,#N/A,#N/A
2020-01-27,77.51,77.94,76.22,77.24,76.71,161940000,#N/A,#N/A
2020-01-28,78.15,79.60,78.05,79.42,78.88,162234000,#N/A,#N/A
2020-01-29,81.11,81.96,80.35,81.08,80.53,216229200,#N/A,#N/A
2020-01-30,80.14,81.02,79.69,80.97,80.41,126743200,#N/A,#N/A
2020-01-31,80.23,80.67,77.07,77.38,76.85,199588400,#N/A,#N/A
2020-02-03,76.07,78.37,75.56,77.17,76.64,173985600,#N/A,#N/A
2020-02-04,78.83,79.91,78.41,79.71,79.17,136616400,#N/A,#N/A
2020-02-05,80.88,81.19,79.74,80.36,79.81,118826800,#N/A,#N/A
2020-02-06,80.64,81.31,80.07,81.30,80.75,105425600,#N/A,#N/A
2020-02-07,80.59,80.85,79.50,80.01,79.65,117684000,#N/A,#N/A
2020-02-10,78.54,80.39,78.46,80.39,80.03,109348800,#N/A,#N/A
2020-02-11,80.90,80.97,79.68,79.90,79.54,94323200,#N/A,#N/A
2020-02-12,80.37,81.81,80.37,81.80,81.43,113730400,#N/A,#N/A
2020-02-13,81.05,81.56,80.84,81.22,80.85,94747600,#N/A,#N/A
2020-02-14,81.18,81.50,80.71,81.24,80.87,80113600,#N/A,#N/A
2020-02-18,78.84,79.94,78.65,79.75,79.39,152531200,#N/A,#N/A
2020-02-19,80.00,81.14,80.00,80.90,80.54,93984000,#N/A,#N/A
2020-02-20,80.66,81.16,79.55,80.07,79.72,100566000,#N/A,#N/A
2020-02-21,79.65,80.11,77.63,78.26,77.91,129554000,#N/A,#N/A
2020-02-24,74.32,76.04,72.31,74.54,74.21,222195200,#N/A,#N/A
2020-02-25,75.24,75.63,71.53,72.02,71.70,230673600,#N/A,#N/A
2020-02-26,71.63,74.47,71.63,73.16,72.83,198054800,#N/A,#N/A
2020-02-27,70.28,71.50,68.24,68.38,68.07,320605600,#N/A,#N/A
2020-02-28,64.32,69.60,64.09,68.34,68.03,106721200,#N/A,#N/A
2020-03-02,70.57,75.36,69.43,74.70,74.37,85349300,#N/A,#N/A
2020-03-03,75.92,76.00,71.45,72.33,72.00,79868900,#N/A,#N/A
2020-03-04,74.11,75.85,73.28,75.68,75.34,54794600,#N/A,#N/A
2020-03-05,73.88,74.89,72.85,73.23,72.90,46893200,#N/A,#N/A
2020-03-06,70.50,72.71,70.31,72.26,71.93,56544200,#N/A,#N/A
2020-03-09,65.94,69.52,65.75,66.54,66.24,71686200,#N/A,#N/A
2020-03-10,69.29,71.61,67.34,71.33,71.01,71322500,#N/A,#N/A
2020-03-11,69.35,70.31,67.96,68.86,68.55,63899700,#N/A,#N/A
2020-03-12,63.99,67.50,62.00,62.06,61.78,104618500,#N/A,#N/A
2020-03-13,66.22,69.98,63.24,69.49,69.18,92683000,#N/A,#N/A
2020-03-16,60.49,64.77,60.00,60.55,60.28,80605900,#N/A,#N/A
2020-03-17,61.88,64.40,59.60,63.22,62.93,81014000,#N/A,#N/A
2020-03-18,59.94,62.50,59.28,61.67,61.39,75058400,#N/A,#N/A
2020-03-19,61.85,63.21,60.65,61.20,60.92,67964300,#N/A,#N/A
2020-03-20,61.79,62.96,57.00,57.31,57.05,100257000,#N/A,#N/A
2020-03-23,57.02,57.13,53.15,56.09,55.84,336752800,#N/A,#N/A
2020-03-24,59.09,61.92,58.58,61.72,61.44,287531200,#N/A,#N/A
2020-03-25,62.69,64.56,61.08,61.38,61.10,303602000,#N/A,#N/A
2020-03-26,61.63,64.67,61.59,64.61,64.32,252087200,#N/A,#N/A
2020-03-27,63.19,63.97,61.76,61.94,61.66,204216800,#N/A,#N/A
2020-03-30,62.69,63.88,62.35,63.70,63.42,167976400,#N/A,#N/A
2020-03-31,63.90,65.62,63.00,63.57,63.29,197002000,#N/A,#N/A
2020-04-01,61.63,62.18,59.78,60.23,59.96,176218400,#N/A,#N/A
2020-04-02,60.08,61.29,59.22,61.23,60.96,165934000,#N/A,#N/A
2020-04-03,60.70,61.42,59.74,60.35,60.08,129880000,#N/A,#N/A
2020-04-06,62.72,65.78,62.35,65.62,65.32,201820400,#N/A,#N/A
2020-04-07,67.70,67.93,64.75,64.86,64.57,202887200,#N/A,#N/A
2020-04-08,65.68,66.84,65.31,66.52,66.22,168895200,#N/A,#N/A
2020-04-09,67.18,67.52,66.18,67.00,66.70,162116400,#N/A,#N/A
2020-04-13,67.08,68.43,66.46,68.31,68.01,131022800,#N/A,#N/A
2020-04-14,70.00,72.06,69.51,71.76,71.44,194994800,#N/A,#N/A
2020-04-15,70.60,71.58,70.16,71.11,70.79,131154400,#N/A,#N/A
2020-04-16,71.85,72.05,70.59,71.67,71.35,157125200,#N/A,#N/A
2020-04-17,71.17,71.74,69.21,70.70,70.38,215250000,#N/A,#N/A
2020-04-20,69.49,70.42,69.21,69.23,68.92,130015200,#N/A,#N/A
2020-04-21,69.07,69.31,66.36,67.09,66.79,180991600,#N/A,#N/A
2020-04-22,68.40,69.47,68.05,69.03,68.71,117057200,#N/A,#N/A
2020-04-23,68.97,70.44,68.72,68.76,68.45,124814400,#N/A,#N/A
2020-04-24,69.30,70.75,69.25,70.74,70.42,126508800,#N/A,#N/A
2020-04-27,70.45,71.14,69.99,70.79,70.47,117087600,#N/A,#N/A
2020-04-28,71.27,71.46,69.55,69.64,69.33,112004800,#N/A,#N/A
2020-04-29,71.18,72.42,70.97,71.93,71.61,137280800,#N/A,#N/A
2020-04-30,72.49,73.63,72.09,73.45,73.12,183064000,#N/A,#N/A
2020-05-01,71.56,74.75,71.46,72.27,71.94,240616800,#N/A,#N/A
2020-05-04,72.29,73.42,71.58,73.29,72.96,133568000,#N/A,#N/A
2020-05-05,73.76,75.25,73.61,74.39,74.06,147751200,#N/A,#N/A
2020-05-06,75.11,75.81,74.72,75.16,74.82,142333600,#N/A,#N/A
2020-05-07,75.81,76.29,75.49,75.93,75.59,115215200,#N/A,#N/A
2020-05-08,76.41,77.59,76.07,77.53,77.39,134048000,#N/A,#N/A
2020-05-11,77.03,79.26,76.81,78.75,78.61,145946400,#N/A,#N/A
2020-05-12,79.46,79.92,77.73,77.85,77.71,162301200,#N/A,#N/A
2020-05-13,78.04,78.99,75.80,76.91,76.77,200622400,#N/A,#N/A
2020-05-14,76.13,77.45,75.38,77.39,77.25,158929200,#N/A,#N/A
2020-05-15,75.09,76.97,75.05,76.93,76.79,166348400,#N/A,#N/A
2020-05-18,78.29,79.13,77.58,78.74,78.60,135372400,#N/A,#N/A
2020-05-19,78.76,79.63,78.25,78.29,78.14,101729600,#N/A,#N/A
2020-05-20,79.17,79.88,79.13,79.81,79.66,111504800,#N/A,#N/A
2020-05-21,79.67,80.22,78.97,79.21,79.07,102688800,#N/A,#N/A
2020-05-22,78.94,79.81,78.84,79.72,79.58,81803200,#N/A,#N/A
2020-05-26,80.88,81.06,79.13,79.18,79.04,125522000,#N/A,#N/A
2020-05-27,79.04,79.68,78.27,79.53,79.38,112945200,#N/A,#N/A
2020-05-28,79.19,80.86,78.91,79.56,79.42,133560800,#N/A,#N/A
2020-05-29,79.81,80.29,79.12,79.49,79.34,153598000,#N/A,#N/A
2020-06-01,79.44,80.59,79.30,80.46,80.32,80791200,#N/A,#N/A
2020-06-02,80.19,80.86,79.73,80.83,80.69,87642800,#N/A,#N/A
2020-06-03,81.17,81.55,80.57,81.28,81.13,104491200,#N/A,#N/A
2020-06-04,81.10,81.40,80.20,80.58,80.43,87560400,#N/A,#N/A
2020-06-05,80.84,82.94,80.81,82.88,82.73,137250400,#N/A,#N/A
2020-06-08,82.56,83.40,81.83,83.36,83.21,95654400,#N/A,#N/A
2020-06-09,83.04,86.40,83.00,86.00,85.84,147712400,#N/A,#N/A
2020-06-10,86.97,88.69,86.52,88.21,88.05,166651600,#N/A,#N/A
2020-06-11,87.33,87.76,83.87,83.97,83.82,201662400,#N/A,#N/A
2020-06-12,86.18,86.95,83.56,84.70,84.55,200146000,#N/A,#N/A
2020-06-15,83.31,86.42,83.14,85.75,85.59,138808800,#N/A,#N/A
2020-06-16,87.86,88.30,86.18,88.02,87.86,165428800,#N/A,#N/A
2020-06-17,88.79,88.85,87.77,87.90,87.74,114406400,#N/A,#N/A
2020-06-18,87.85,88.36,87.31,87.93,87.77,96820400,#N/A,#N/A
2020-06-19,88.66,89.14,86.29,87.43,87.27,264476000,#N/A,#N/A
2020-06-22,87.83,89.86,87.79,89.72,89.56,135445200,#N/A,#N/A
2020-06-23,91.00,93.10,90.57,91.63,91.47,212155600,#N/A,#N/A
2020-06-24,91.25,92.20,89.63,90.01,89.85,192623200,#N/A,#N/A
2020-06-25,90.18,91.25,89.39,91.21,91.05,137522400,#N/A,#N/A
2020-06-26,91.10,91.33,88.25,88.41,88.25,205256800,#N/A,#N/A
2020-06-29,88.31,90.54,87.82,90.45,90.28,130646000,#N/A,#N/A
2020-06-30,90.02,91.50,90.00,91.20,91.04,140223200,#N/A,#N/A
2020-07-01,91.28,91.84,90.98,91.03,90.86,110737200,#N/A,#N/A
2020-07-02,91.96,92.62,90.91,91.03,90.86,114041600,#N/A,#N/A
2020-07-06,92.50,93.95,92.47,93.46,93.29,118655600,#N/A,#N/A
2020-07-07,93.85,94.65,93.06,93.17,93.00,112424400,#N/A,#N/A
2020-07-08,94.18,95.38,94.09,95.34,95.17,117092000,#N/A,#N/A
2020-07-09,96.26,96.32,94.67,95.75,95.58,125642800,#N/A,#N/A
2020-07-10,95.33,95.98,94.71,95.92,95.75,90257200,#N/A,#N/A
2020-07-13,97.26,99.96,95.26,95.48,95.31,191649200,#N/A,#N/A
2020-07-14,94.84,97.25,93.88,97.06,96.88,170989200,#N/A,#N/A
2020-07-15,98.99,99.25,96.49,97.72,97.55,153198000,#N/A,#N/A
2020-07-16,96.56,97.40,95.90,96.52,96.35,110577600,#N/A,#N/A
2020-07-17,96.99,97.15,95.84,96.33,96.15,92186800,#N/A,#N/A
2020-07-20,96.42,98.50,96.06,98.36,98.18,90318000,#N/A,#N/A
2020-07-21,99.17,99.25,96.74,97.00,96.83,103646000,#N/A,#N/A
2020-07-22,96.69,97.97,96.60,97.27,97.10,89001600,#N/A,#N/A
2020-07-23,97.00,97.08,92.01,92.85,92.68,197004400,#N/A,#N/A
2020-07-24,90.99,92.97,89.14,92.61,92.45,185438800,#N/A,#N/A
2020-07-27,93.71,94.90,93.48,94.81,94.64,121214000,#N/A,#N/A
2020-07-28,94.37,94.55,93.25,93.25,93.08,103625600,#N/A,#N/A
2020-07-29,93.75,95.23,93.71,95.04,94.87,90329200,#N/A,#N/A
2020-07-30,94.19,96.30,93.77,96.19,96.02,158130000,#N/A,#N/A
2020-07-31,102.89,106.42,100.82,106.26,106.07,374336800,#N/A,#N/A
2020-08-03,108.20,111.64,107.89,108.94,108.74,308151200,#N/A,#N/A
2020-08-04,109.13,110.79,108.39,109.67,109.47,173071600,#N/A,#N/A
2020-08-05,109.38,110.39,108.90,110.06,109.86,121992000,#N/A,#N/A
2020-08-06,110.40,114.41,109.80,113.90,113.70,202428800,#N/A,#N/A
2020-08-07,113.21,113.68,110.29,111.11,111.11,198045600,#N/A,#N/A
2020-08-10,112.60,113.78,110.00,112.73,112.73,212403600,#N/A,#N/A
2020-08-11,111.97,112.48,109.11,109.38,109.38,187902400,#N/A,#N/A
2020-08-12,110.50,113.28,110.30,113.01,113.01,165944800,#N/A,#N/A
2020-08-13,114.43,116.04,113.93,115.01,115.01,210082000,#N/A,#N/A
2020-08-14,114.83,115.00,113.04,114.91,114.91,165565200,#N/A,#N/A
2020-08-17,116.06,116.09,113.96,114.61,114.61,119561600,#N/A,#N/A
2020-08-18,114.35,116.00,114.01,115.56,115.56,105633600,#N/A,#N/A
2020-08-19,115.98,117.16,115.61,115.71,115.71,145538000,#N/A,#N/A
2020-08-20,115.75,118.39,115.73,118.28,118.28,126907200,#N/A,#N/A
2020-08-21,119.26,124.87,119.25,124.37,124.37,338054800,#N/A,#N/A
2020-08-24,128.70,128.79,123.94,125.86,125.86,345937600,#N/A,#N/A
2020-08-25,124.70,125.18,123.05,124.82,124.82,211495600,#N/A,#N/A
2020-08-26,126.18,126.99,125.08,126.52,126.52,163022400,#N/A,#N/A
2020-08-27,127.14,127.49,123.83,125.01,125.01,155552400,#N/A,#N/A
2020-08-28,126.01,126.44,124.58,124.81,124.81,187630000,#N/A,#N/A
2020-08-31,127.58,131.00,126.00,129.04,129.04,225702700,#N/A,#N/A
2020-09-01,132.76,134.80,130.53,134.18,134.18,152470100,#N/A,#N/A
2020-09-02,137.59,137.98,127.00,131.40,131.40,200119000,#N/A,#N/A
2020-09-03,126.91,128.84,120.50,120.88,120.88,257599600,#N/A,#N/A
2020-09-04,120.07,123.70,110.89,120.96,120.96,332607200,#N/A,#N/A
2020-09-08,113.95,118.99,112.68,112.82,112.82,231366600,#N/A,#N/A
2020-09-09,117.26,119.14,115.26,117.32,117.32,176940500,#N/A,#N/A
2020-09-10,120.36,120.50,112.50,113.49,113.49,182274400,#N/A,#N/A
2020-09-11,114.57,115.23,110.00,112.00,112.00,180860300,#N/A,#N/A
2020-09-14,114.72,115.93,112.80,115.36,115.36,140150100,#N/A,#N/A
2020-09-15,118.33,118.83,113.61,115.54,115.54,184642000,#N/A,#N/A
2020-09-16,115.23,116.00,112.04,112.13,112.13,154679000,#N/A,#N/A
2020-09-17,109.72,112.20,108.71,110.34,110.34,178011000,#N/A,#N/A
2020-09-18,110.40,110.88,106.09,106.84,106.84,287104900,#N/A,#N/A
2020-09-21,104.54,110.19,103.10,110.08,110.08,195050000,#N/A,#N/A
